chamber,stemnumber,branchnumber,diameter,length,heightfloor,heightground,tipheightfloor,tipheightground,comments
ch01,1,1,3.25,37,15,60,0,45,
ch01,1,2,3.39,42,17,62,0,45,
ch01,1,3,4.54,57,16,61,0,45,
ch01,1,4,3.2,40,17,62,0,45,
ch01,1,5,4.09,42,21,66,0,45,
ch01,1,6,3.15,76,22,67,0,45,
ch01,1,7,4.67,64,24,69,0,45,
ch01,1,8,5.61,44,25,70,22,67,
ch01,1,9,4.24,45,29,74,5,50,
ch01,1,10,6.96,82,30,75,0,45,
ch01,1,11,6.65,111,37,82,0,45,
ch01,1,12,7.19,96,42,87,10,55,
ch01,1,13,3,42,31,76,27,72,
ch01,1,14,8.51,123,50,95,0,45,
ch01,1,15,8.65,130,56,101,0,45,
ch01,1,16,11.99,129,60,105,0,45
ch01,1,17,7.06,88,68,113,0,45
ch01,1,18,10.37,102,72,117,33,78
ch01,1,19,9.67,126,78,123,0,45
ch01,1,20,3,48,80,125,51,96
ch01,1,21,2.19,30,87,132,70,115
ch01,1,22,5.36,94,92,137,25,70
ch01,1,23,14.05,165,103,148,8,53
ch01,1,24,3.63,72,109,154,52,97
ch01,1,25,3.24,51,118,163,78,123
ch01,1,26,9.72,110,123,168,50,95
ch01,1,27,10.12,138,129,174,44,89
ch01,1,28,4.12,74,134,179,87,132
ch01,1,29,4.7,73,142,187,78,123
ch01,1,30,6.68,110,147,192,81,126
ch01,1,31,11.25,136,156,201,73,118
ch01,1,32,7.63,103,167,212,80,125,typo fixed in branch length (RAD)
ch01,1,33,5.85,87,171,216,107,152,
ch01,1,34,14.74,147,180,225,99,144,
ch01,1,35,2.95,50,179,224,123,168,
ch01,1,36,13.87,113,186,231,150,195,
ch01,1,37,7.51,98,188,233,126,171,
ch01,1,38,10.03,115,195,240,130,175,
ch01,1,39,9.25,99,199,244,121,166,
ch01,1.1,1,13.25,137,208,253,203,248,
ch01,1.1,2,2.77,56,214,259,172,217,
ch01,1.1,3,3.19,74,217,262,149,194,
ch01,1.1,4,3.22,64,228,273,173,218,
ch01,1.1,5,5.54,78,229,274,174,219,
ch01,1.1,6,4.9,75,234,279,165,210,
ch01,1.1,7,7.55,90,238,283,164,209,
ch01,1.1,8,5.86,85,240,285,164,209,
ch01,1.1,9,7.56,113,242,287,150,195
ch01,1.1,10,5.76,84,246,291,178,223
ch01,1.1,11,7.72,104,253,298,192,237
ch01,1.1,12,7.6,105,261,306,174,219
ch01,1.1,13,8.69,101,265,310,186,231
ch01,1.1,14,9.21,113,275,320,219,264
ch01,1.1,15,12.47,156,284,329,258,303
ch01,1.1,16,12.04,142,292,337,308,353
ch01,1.1,17,9.82,126,297,342,236,281
ch01,1.1,18,13.21,122,307,352,265,310
ch01,1.1,19,12.65,144,314,359,398,443
ch01,1.1,20,5.78,91,323,368,265,310
ch01,1.1,21,5.34,82,333,378,268,313
ch01,1.1,22,9.37,113,342,387,393,438
ch01,1.1,23,6.68,75,343,388,302,347
ch01,1.1,24,9.27,118,357,402,394,439
ch01,1.1,25,6.59,93,365,410,348,393,
ch01,1.1,26,9.36,99,375,420,418,463,
ch01,1.1,27,4.41,84,385,430,338,383,
ch01,1.1,28,7.21,102,395,440,339,384,
ch01,1.1,29,5.92,90,401,446,381,426,
ch01,1.1,30,8.95,107,408,453,481,526,typo fixed in heightfloor (RAD)
ch01,1.1,31,8.04,103,413,458,479,524,
ch01,1.1,32,6.87,92,419,464,427,472,
ch01,1.1,33,6.8,95,424,469,462,507,
ch01,1.1,34,5.97,77,434,479,464,509,
ch01,1.1,35,5.61,100,440,485,457,502,
ch01,1.1,36,4.76,86,450,495,466,511,
ch01,1.1,37,3.7,58,458,503,438,483,typo fixed in branch diameter (RAD)
ch01,1.1,38,4.21,,468,513,501,546,too high to measure (estimations)
ch01,1.1,39,5.87,,482,527,483,528,too high to measure (estimations)
ch01,1.1,40,3.92,,496,541,512,557,too high to measure (estimations)
ch01,1.1,41,3.44,,504,549,495,540,too high to measure (estimations)
ch01,1.1,42,2.83,,516,561,510,555,too high to measure (estimations)
ch01,1.1,43,4.53,,524,569,507,552,too high to measure (estimations)
ch01,1.1,44,2.22,,534,579,502,547,too high to measure (estimations)
ch01,1.2,1,2.63,48,208,253,176,221,
ch01,1.2,2,3.09,53,220,265,169,214,
ch01,1.2,3,6.21,89,221,266,144,189,
ch01,1.2,4,1.95,32,224,269,190,235,typo fixed in branch diameter (RAD)
ch01,1.2,5,3.71,77,227,272,162,207,
ch01,1.2,6,4.78,70,231,276,171,216,
ch01,1.2,7,5.81,88,237,282,150,195,
ch01,1.2,8,3.82,66,243,288,181,226,
ch01,1.2,9,5.52,112,248,293,152,197,
ch01,1.2,10,3.45,70,255,300,185,230,
ch01,1.2,11,8.35,137,260,305,193,238,
ch01,1.2,12,8.45,113,268,313,224,269,
ch01,1.2,13,6.61,81,274,319,214,259
ch01,1.2,14,7.57,83,282,327,220,265
ch01,1.2,15,10.84,133,288,333,255,300
ch01,1.2,16,8.03,105,298,343,244,289
ch01,1.2,17,5.9,87,306,351,217,262
ch01,1.2,18,5.44,81,313,358,258,303
ch01,1.2,19,4.41,83,317,362,244,289
ch01,1.2,20,9.91,110,325,370,321,366
ch01,1.2,21,3.78,88,330,375,256,301
ch01,1.2,22,7.91,109,337,382,347,392
ch01,1.2,23,6.44,77,343,388,288,333
ch01,1.2,24,5.48,74,351,396,300,345
ch01,1.2,25,7.04,102,358,403,332,377
ch01,1.2,26,5.26,78,367,412,303,348
ch01,1.2,27,5.92,94,373,418,415,460
ch01,1.2,28,7.4,96,379,424,347,392
ch01,1.2,29,7.42,98,384,429,393,438,
ch01,1.2,30,7.67,119,389,434,549,594,
ch01,1.2,31,4.32,60,416,461,424,469,
ch01,1.2,32,3.79,53,425,470,422,467,
ch01,1.2,33,3.48,56,438,483,549,594,
ch01,1.2,34,3.78,55,442,487,442,487,
ch01,1.2,35,4.24,52,451,496,476,521,
ch01,1.2,36,2.26,45,459,504,463,508,
ch01,1.2,37,2.28,44,468,513,480,525,
ch01,1.2,38,2.85,34,473,518,478,523,
ch01,1.2,39,2.29,38,484,529,470,515,
ch01,1.2,40,2.27,25,492,537,,,
ch01,1.2,41,2.13,,,,,,
ch01,1.2,42,1.29,,,,,,
ch02,1,1,5.53,70,7,52,0,45,
ch02,1,2,7.47,18,9,54,0,45,very short branch: check original sheets
ch02,1,3,5.57,80.5,12,57,0,45,
ch02,1,4,5.495,80.5,15,60,0,45,
ch02,1,5,6.745,20,18,63,12,57,very short branch: check original sheets
ch02,1,6,5.875,90,20.1,65.1,0,45,
ch02,1,7,6.325,90.2,25,70,0,45,
ch02,1,8,6.185,74,34,79,12,57,
ch02,1,9,7.045,98,36,81,0,45,
ch02,1,10,7.545,47,47,92,0,45,
ch02,1,11,6.93,100,54,99,20,65,
ch02,1,12,7.385,92,67,112,0,45,
ch02,1,13,6.725,85,70,115,18,63,
ch02,1,14,7.505,100,79,124,0,45,
ch02,1,15,7.485,99,86,131,20,65,
ch02,1,16,8.58,98,100,145,30,75,
ch02,1,17,10.93,102,103,148,30,75,
ch02,1,18,8.805,100,114,159,40,85,
ch02,1,19,8.815,105,119.5,164.5,55,100
ch02,1,20,8.575,98,129.5,174.5,56,101
ch02,1,21,9.975,103,135,180,65,110
ch02,1,22,10.36,112,142,187,80,125
ch02,1,23,10.525,111,147,192,78,123
ch02,1,24,8.275,91,154,199,83,128
ch02,1,25,11.06,102,158,203,100,145
ch02,1,26,8.83,98,166,211,97,142
ch02,1,27,9.31,97,170,215,122,167
ch02,1,28,7.235,86,177,222,122,167
ch02,1,29,10.23,88,182,227,118,163
ch02,1,30,8.945,91,182,227,127,172
ch02,1,31,4.265,60,186,231,140,185
ch02,1,32,8.365,90,191,236,150,195
ch02,1,33,9.895,84,196,241,157,202
ch02,1,34,9.58,95,200,245,166.5,211.5
ch02,1,35,9.265,88,206,251,160,205,
ch02,1,36,4.8,70,210,255,170,215,
ch02,1,37,10.425,96,217,262,167,212,
ch02,1,38,5.335,70,221,266,182,227,
ch02,1,39,4.83,72,229,274,187,232,
ch02,1,40,9.245,108,238,283,216,261,
ch02,1,41,6.67,71,241,286,209,254,
ch02,1,42,16.23,157,251,296,392,437,
ch02,1,43,11.045,124,252,297,282,327,
ch02,1,44,13.33,132,259,304,301,346,
ch02,1,45,11.095,121,266,311,300,345,
ch02,1,46,12.385,142,269,314,328,373,
ch02,1,47,5.53,71,275,320,248,293,
ch02,1,48,6.515,84,285,330,270,315,
ch02,1,49,8.18,97,291,336,333,378,
ch02,1,50,8.365,110,299,344,337.5,382.5,Obvious typo in D corrected (was 11) (RAD)
ch02,1,51,4.76,64,308,353,258,303,
ch02,1,52,7.5,94,323,368,332.4,377.4,very short branch: check original sheets
ch02,1,53,8.115,105,336,381,401.5,446.5,
ch02,1,54,7.29,100,350,395,428,473,
ch02,1,55,5.385,80,362,407,343,388,
ch02,1,56,5.475,82,373,418,396.3,441.3,
ch02,1,57,6.135,67,385,430,421,466,
ch02,1,58,5.515,71,395,440,463,508,
ch02,1,59,4.955,60,405,450,435.5,480.5,
ch02,1,60,3.735,47,414,459,432,477,
ch02,1,61,3.2,40,424,469,412,457,
ch02,1,62,3.315,39,430,475,455,500,
ch02,1,63,3.51,34,437,482,443.5,488.5,
ch02,1,64,3.05,26,447,492,434,479,
ch02,1,65,3.265,22,456,501,479,524,
ch02,1,66,2.37,14,466,511,468,513,
ch02,1,67,1.935,10,476,521,482,527
ch03,1,1,4.49,47,10,55,0,45
ch03,1,2,3.145,43,12,57,0,45
ch03,1,3,3.595,52,17.5,62.5,0,45
ch03,1,4,6.045,86,18.5,63.5,0,45
ch03,1,5,6.515,60,23.5,68.5,0,45
ch03,1,6,5.32,79,25,70,0,45
ch03,1,7,3.2,50,28.5,73.5,22,67
ch03,1,8,9.485,117,31,76,0,45
ch03,1,9,8.58,99,36.5,81.5,0,45
ch03,1.1,1,2.635,28,46,91,20,65
ch03,1.1,2,2.03,30,50.5,95.5,19,64
ch03,1.1,3,3.19,62,57.5,102.5,0,45
ch03,1.1,4,3.51,40,67.5,112.5,39,84
ch03,1.1,5,3.61,40,72.5,117.5,42,87
ch03,1.1,6,4.545,84,80.5,125.5,7,52
ch03,1.1,7,4.67,66,90.5,135.5,28,73
ch03,1.1,8,3.105,27,98.5,143.5,74.5,119.5
ch03,1.1,9,6.185,77.5,107.5,152.5,58,103
ch03,1.1,10,2.36,30,113.5,158.5,110,155
ch03,1.1,11,4.105,57,121.5,166.5,59,104
ch03,1.1,12,2.61,29,127,172,100,145
ch03,1.1,13,3.135,37,138,183,98,143
ch03,1.1,14,3.465,45,140,185,101,146
ch03,1.1,15,5.735,82,144,189,63,108
ch03,1.1,16,2.665,38.1,149.5,194.5,106,151
ch03,1.1,17,9.05,123,155.5,200.5,68,113
ch03,1.1,18,3.66,40,163.5,208.5,134,179
ch03,1.1,19,9.85,118,169.5,214.5,113,158
ch03,1.1,20,4.75,84,178,223,126,171
ch03,1.1,21,5.595,112,182.5,227.5,107,152
ch03,1.1,22,4.665,80,185,230,127,172
ch03,1.1,23,5.555,103,188.5,233.5,104,149
ch03,1.1,24,5.85,79,194.5,239.5,140,185
ch03,1.1,25,9.99,118,198.5,243.5,98,143
ch03,1.1,26,4.43,56,199,244,166,211
ch03,1.1,27,9.03,96,201,246,131,176
ch03,1.1,28,6.035,79,206.5,251.5,162,207
ch03,1.1,29,5.48,91,209.5,254.5,140,185
ch03,1.1,30,5.05,57,215.5,260.5,172,217
ch03,1.1,31,10.735,104,220.5,265.5,170,215
ch03,1.1,32,4.06,57,228,273,172,217
ch03,1.1,33,9.2,94,232,277,170,215
ch03,1.1,34,6.475,92,238,283,169,214
ch03,1.1,35,18.445,182,240,285,412,457
ch03,1.1,36,7.26,87,249.5,294.5,207,252
ch03,1.1,37,7.13,75,255,300,214,259
ch03,1.1,38,6.545,76,263,308,200,245
ch03,1.1,39,10,102,269,314,198,243
ch03,1.1,40,8.555,90,273,318,220,265
ch03,1.1,41,6.835,73,279.5,324.5,249,294
ch03,1.1,42,7.495,75,291.5,336.5,247,292
ch03,1.1,43,11.05,88,294.5,339.5,240,285
ch03,1.1,44,12.81,94,306.5,351.5,285,330
ch03,1.1,45,7.325,76,315,360,319,364
ch03,1.1,46,10.925,90,325.5,370.5,354,399
ch03,1.1,47,12.15,109,334,379,374,419
ch03,1.1,48,11.76,116,344.5,389.5,393,438
ch03,1.1,49,7.02,55,354.5,399.5,380,425
ch03,1.1,50,6.33,73,367,412,369,414
ch03,1.1,51,8.295,83,377.5,422.5,400,445
ch03,1.1,52,6.5,70,394,439,362,407
ch03,1.1,53,6.45,60,403,448,410,455
ch03,1.1,54,5.56,53,418.5,463.5,411,456
ch03,1.1,55,4.86,60,424,469,444,489,
ch03,1.1,56,4.795,42,430.5,475.5,435,480,
ch03,1.1,57,3.975,55,434.5,479.5,445,490,
ch03,1.1,58,3.035,40,440.5,485.5,457,502,
ch03,1.1,59,2.685,28,445.5,490.5,444,489,
ch03,1.1,60,2.365,30,450,495,451,496,
ch03,1.1,61,1.305,11,451.5,496.5,455,500,
ch03,1.1,62,1.68,8,460.5,505.5,447,492,
ch03,1.1,63,1.575,14,470.5,515.5,479,524,
ch03,1.1,64,1.525,7,480.5,525.5,464,509,
ch03,1.2,1,2.43,55,42,87,0,45,Stem 1.2 fork bends horizontally (unnatural architecture due to ladder)
ch03,1.2,2,11.79,116,45,90,0,45,
ch03,1.2,3,10.35,101,64,109,0,45,
ch03,1.2,4,2.97,26,55,100,58,103,
ch03,1.2,5,10.725,110,59,104,0,45,
ch03,1.2,6,5.12,92,61,106,0,45,
ch03,1.2,7,12.555,108,72,117,12,57,
ch03,1.2,8,3.94,69,71.5,116.5,44,89,
ch03,1.2,9,3.24,44,75,120,70,115,
ch03,1.2,10,2.97,30,77,122,80,125,
ch03,1.2,11,4.29,70,95,140,54,99,
ch03,1.2,12,10.615,88,89.5,134.5,80,125,
ch03,1.2,13,5.245,57,99.5,144.5,80,125,
ch03,1.2,14,4.775,59,97.5,142.5,77,122,
ch03,1.2,15,16.1,115,102.5,147.5,31,76,
ch03,1.2,16,3.37,44,111.5,156.5,94,139,
ch03,1.2,17,6.87,95,117.5,162.5,57,102,
ch03,1.2,18,5.545,89,122.5,167.5,56,101,
ch03,1.2,19,2.425,28,124,169,110,155,
ch03,1.2,20,5.15,75,127,172,70,115,
ch03,1.2,21,2.295,87,134.5,179.5,210,255,
ch03,1.2,22,11.405,87,130,175,93,138,Branch D wrong; set from 47. (RAD)
ch03,1.2,23,3.085,91,137,182,72,117,very short branch: check original sheets
ch03,1.2,24,6.5,53,133,178,98,143,
ch03,1.2,25,2.965,57,135,180,87,132,
ch03,1.2,26,4.97,80,140,185,70,115,
ch03,1.2,27,3.37,60,143,188,72,117,
ch03,1.2,28,4.525,54,147,192,72,117,
ch03,1.2,29,4.5,46,152,197,52,97,
ch03,1.2,30,6.63,70,154,199,100,145,
ch03,1.2,31,4.815,54,158,203,92,137,
ch03,1.2,32,3.69,60,162,207,80,125,
ch03,1.2,33,3.9,35,166.5,211.5,17,62,
ch03,1.2,34,3.775,36,169,214,108,153,
ch03,1.2,35,3.565,57,175,220,91,136,
ch03,1.2,36,4.91,50,179,224,16,61,
ch03,1.2,37,4.04,41,184,229,171,216,
ch03,1.2,38,3.2,30,189,234,140,185,
ch03,1.2,39,3.04,43,195,240,118,163
ch03,1.2,40,3.13,30,202,247,138,183
ch03,1.2,41,2.835,31,208,253,137,182
ch03,1.2,42,2.975,35,214,259,144,189
ch03,1.2,43,2.365,21,219,264,153,198
ch03,1.2,44,1.855,15,224,269,156,201
ch03,1.2,45,1.51,15,223,268,156,201
ch04,1,1,12.45,125,12,57,0,45
ch04,1,,,,,45,,45
ch04,1,2,7.03,64,19,64,0,45
ch04,1,3,6.72,100,23,68,0,45
ch04,1,4,10.72,130,26,71,0,45
ch04,1,5,4.55,66,28,73,0,45
ch04,1,6,7.59,80,36,81,0,45
ch04,1,7,8,83,38,83,0,45
ch04,1.1.1,1,5.92,65,72,117,10,55
ch04,1.1.1,2,3.5,55,73,118,30,75,
ch04,1.1.1,3,4.11,40,75,120,36,81,
ch04,1.1.1,4,1.48,9,,,,45,dead
ch04,1.1.1,5,7.35,85,80,125,39,84,
ch04,1.1.1,6,10.77,130,88,133,0,45,
ch04,1.1.1,7,7.72,80,90,135,32,77,
ch04,1.1.1,8,8.12,90,94,139,50,95,
ch04,1.1.1,9,3,44,102,147,62,107,
ch04,1.1.1,10,6.95,46,106,151,71,116,
ch04,1.1.1,11,5.1,50,112,157,72,117,
ch04,1.1.1,12,4.61,60,116,161,66,111,
ch04,1.1.1,13,6.01,38,118,163,88,133,
ch04,1.1.1,14,4.2,53,119,164,80,125,
ch04,1.1.1,15,4.77,50,122,167,114,159,
ch04,1.1.1,16,6.73,60,125,170,98,143,
ch04,1.1.1,17,6.84,64,130,175,88,133,
ch04,1.1.1,18,5.75,83,136,181,90,135
ch04,1.1.1,19,7.05,70,140,185,127,172
ch04,1.1.1,20,8.75,97,146,191,172,217
ch04,1.1.1,21,5.99,70,152,197,125,170
ch04,1.1.1,22,8.29,98,156,201,180,225
ch04,1.1.1,23,7.36,55,164,209,132,177
ch04,1.1.1,24,4.55,53,167,212,135,180
ch04,1.1.1,25,6.87,58,173,218,141,186
ch04,1.1.1,26,4.8,70,179,224,159,204
ch04,1.1.1,27,4.18,43,183,228,153,198
ch04,1.1.1,28,8.75,88,192,237,241,286
ch04,1.1.1,29,7.66,80,202,247,259,304
ch04,1.1.1,30,7.18,68,211,256,268,313
ch04,1.1.1,31,4.42,47,218,263,215,260
ch04,1.1.1,32,8.09,72,225,270,303,348
ch04,1.1.1,33,4.45,54,231,276,244,289
ch04,1.1.1,34,5.36,57,239,284,295,340,
ch04,1.1.1,35,2.78,30,244,289,246,291,
ch04,1.1.1,36,3.11,28,242,287,256,301,
ch04,1.1.1,37,4.07,40,251,296,292,337,
ch04,1.1.1,38,4.23,36,254,299,245,290,
ch04,1.1.1,39,2.34,12,256,301,,45,
ch04,1.1.1,40,2.75,45,258,303,298,343,
ch04,1.1.1,41,3.07,42,264,309,306,351,
ch04,1.1.1,42,1.93,6,275,320,310,355,
ch04,1.1.1,43,2.23,18,281,326,318,363,
ch04,1.1.1,44,2.78,13,285,330,317,362,
ch04,1.1.1,45,2.43,9,293,338,315,360,
ch04,1.1.1,46,1.24,4,296,341,313,358,
ch04,1.1.2,1,5.84,52,72,117,10,55,
ch04,1.1.2,2,4.78,53,78,123,20,65,
ch04,1.1.2,3,16.3,125,80,125,30,75,branch lengths fixed to original sheets (RAD)
ch04,1.1.2,4,4.77,48,87,132,146,191,
ch04,1.1.2,5,3.93,48,90,135,44,89,
ch04,1.1.2,6,4.85,52,96,141,58,103,
ch04,1.1.2,7,3.45,25,,,,,missing
ch04,1.1.2,8,2.5,16,102,147,84,129,
ch04,1.1.2,9,3.74,50,108,153,74,119,
ch04,1.1.2,10,2.88,26,109,154,92,137,
ch04,1.1.2,11,2.64,8,,,,,dead
ch04,1.1.2,12,4.8,70,115,160,70,115,
ch04,1.1.2,13,4.52,49,129,174,102,147,
ch04,1.1.2,14,4.17,48,134,179,124,169,
ch04,1.1.2,15,4.66,62,142,187,96,141,
ch04,1.1.2,16,5.06,54,147,192,149,194,
ch04,1.1.2,17,4.19,45,153,198,150,195,
ch04,1.1.2,18,6.32,70,157,202,137,182,
ch04,1.1.2,19,4.12,55,163,208,125,170,
ch04,1.1.2,20,4.19,58,167,212,138,183
ch04,1.1.2,21,3.23,41,174,219,159,204
ch04,1.1.2,22,4.92,62,182,227,152,197
ch04,1.1.2,23,5.09,46,193,238,175,220
ch04,1.1.2,24,4.67,41,199,244,183,228
ch04,1.1.2,25,4.8,48,210,255,182,227
ch04,1.1.2,26,6.35,55,218,263,204,249
ch04,1.1.2,27,4.05,43,228,273,217,262
ch04,1.1.2,28,5.3,59,229,274,270,315
ch04,1.1.2,29,3.82,43,236,281,260,305
ch04,1.1.2,30,3.61,43,239,284,276,321
ch04,1.1.2,31,2.45,14,243,288,255,300
ch04,1.1.2,32,2.73,19,245,290,273,318
ch04,1.1.2,33,3.39,27,253,298,283,328
ch04,1.1.2,34,2.06,18,255,300,264,309
ch04,1.1.2,35,2.21,18,258,303,285,330
ch04,1.1.2,36,1.88,14,263,308,277,322
ch04,1.1.2,37,1.86,9,268,313,284,329
ch04,1.1.2,38,1.75,8,270,315,277,322
ch04,1.2,1,2.72,39,47,92,15,60
ch04,1.2,2,4.81,64,57,102,11,56
ch04,1.2,3,8.85,92,65,110,0,45
ch04,1.2.1,1,1.93,30,82,127,52,97
ch04,1.2.1,2,6.62,65,83,128,30,75
ch04,1.2.1,3,3.45,40,83,128,53,98
ch04,1.2.1,4,3.75,64,84,129,37,82
ch04,1.2.1,5,4.37,75,85,130,20,65
ch04,1.2.1,6,3.56,71,86,131,21,66
ch04,1.2.1,7,6.34,86,87,132,39,84
ch04,1.2.1,8,5.55,99,90,135,50,95
ch04,1.2.1,9,5.16,86,93,138,43,88
ch04,1.2.1,10,5.43,76,97,142,47,92
ch04,1.2.1,11,3.83,76,102,147,57,102,
ch04,1.2.1,12,2.64,35,107,152,83,128,
ch04,1.2.1,13,3.45,33,114,159,92,137,
ch04,1.2.1,14,4.17,68,121,166,90,135,
ch04,1.2.1,15,4.54,46,127,172,102,147,
ch04,1.2.1,16,5.95,90,134,179,100,145,
ch04,1.2.1,17,3.13,60,136,181,120,165,
ch04,1.2.1,18,5.08,33,146,191,105,150,
ch04,1.2.1,19,3.55,38,149,194,132,177,
ch04,1.2.1,20,4.85,56,150,195,150,195,
ch04,1.2.1,21,4.56,46,163,208,135,180,
ch04,1.2.1,22,2.9,20,173,218,173,218,
ch04,1.2.1,23,5.68,63,181,226,199,244,
ch04,1.2.1,24,5.47,26,192,237,188,233,
ch04,1.2.1,25,5.63,50,198,243,,,broken
ch04,1.2.1,26,7.72,75,207,252,299,344,
ch04,1.2.1,27,6.78,53,211,256,230,275,
ch04,1.2.1,28,4.29,60,221,266,256,301,
ch04,1.2.1,29,4.16,52,223,268,218,263,
ch04,1.2.1,30,4.04,57,228,273,259,304,
ch04,1.2.1,31,3.96,48,231,276,201,246,
ch04,1.2.1,32,2.75,34,235,280,241,286,
ch04,1.2.1,33,2.03,12,236,281,246,291,
ch04,1.2.1,34,2.76,37,242,287,250,295,
ch04,1.2.1,35,2.18,29,248,293,270,315,
ch04,1.2.1,36,2.64,37,251,296,305,350,
ch04,1.2.1,37,3.35,28,257,302,297,342,
ch04,1.2.1,38,2.56,25,261,306,302,347,
ch04,1.2.1,39,1.99,18,269,314,304,349,
ch04,1.2.1,40,2.04,18,273,318,316,361,
ch04,1.2.1,41,,,282,327,308,353,too high to measure
ch04,1.2.1,42,,,301,346,315,360,too high to measure
ch04,1.2.2,1,9.93,100,86,131,81,126
ch04,1.2.2,2,3.44,40,92,137,39,84
ch04,1.2.2,3,2.88,68,92,137,62,107
ch04,1.2.2,4,3.05,37,93,138,65,110
ch04,1.2.2,5,4.83,60,100,145,51,96
ch04,1.2.2,6,2.81,32,102,147,100,145
ch04,1.2.2,7,4.23,60,109,154,62,107
ch04,1.2.2,8,4.13,45,110,155,72,117
ch04,1.2.2,9,4.22,50,115,160,82,127
ch04,1.2.2,10,3.2,40,122,167,110,155
ch04,1.2.2,11,2.7,40,126,171,118,163
ch04,1.2.2,12,3.33,60,134,179,90,135
ch04,1.2.2,13,4.94,57,140,185,94,139
ch04,1.2.2,14,3.21,32,144,189,144,189
ch04,1.2.2,15,4.65,50,148,193,140,185
ch04,1.2.2,16,5.84,64,153,198,122,167
ch04,1.2.2,17,4.01,40,164,209,150,195
ch04,1.2.2,18,4.7,49,174,219,141,186
ch04,1.2.2,19,4.36,50,182,227,167,212
ch04,1.2.2,20,4.48,48,194,239,159,204
ch04,1.2.2,21,4.58,48,201,246,194,239
ch04,1.2.2,22,5.14,42,209,254,202,247
ch04,1.2.2,23,4.17,31,213,258,217,262
ch04,1.2.2,24,3.01,32,218,263,247,292
ch04,1.2.2,25,2.45,37,226,271,212,257
ch04,1.2.2,26,3.83,33,227,272,248,293
ch04,1.2.2,27,2.33,31,232,277,270,315
ch04,1.2.2,28,2.66,36,237,282,292,337
ch04,1.2.2,29,2.78,30,239,284,275,320
ch04,1.2.2,30,2.59,25,243,288,287,332
ch04,1.2.2,31,2.63,19,245,290,283,328
ch04,1.2.2,32,1.96,12,252,297,281,326
ch04,1.2.2,33,1.47,8,255,300,270,315,
ch04,1.2.2,34,,,267,312,291,336,too high to measure
ch04,1.2.2,35,,,265,310,285,330,too high to measure
ch04,1.2.2,36,,,272,317,283,328,too high to measure
ch05,1,1,4.22,41,11,56,0,45,
ch05,1,2,,,,,,,broken
ch05,1,3,,,,,,,broken
ch05,1,4,4.34,74,14,59,0,45,
ch05,1,5,3.37,,22,67,16,61,
ch05,1,6,5.85,62,25,70,6,51,
ch05,1,7,3.376,48,30,75,6,51,
ch05,1,8,5.18,90,34,79,0,45,
ch05,1,9,5.68,66,41,86,0,45,
ch05,1,10,7.09,108,47,92,0,45,
ch05,1,11,8.53,110,57,102,0,45,
ch05,1,12,10.92,145,62,107,0,45,
ch05,1,13,7.22,118,72,117,0,45
ch05,1,14,11.66,134,79,124,0,45
ch05,1,15,8.01,113,87,132,0,45
ch05,1,16,13.14,159,93,138,17,62
ch05,1,17,8.86,107,103,148,0,45
ch05,1,18,11.06,122,108,153,0,45
ch05,1,19,6.19,92,118,163,31,76
ch05,1,20,21.61,226,125,170,221,266
ch05,1,21,9.22,122,136,181,28,73
ch05,1,22,8.02,78,141,186,65,110
ch05,1,23,7.77,99,156,201,48,93
ch05,1.1,1,4.99,80,177,222,118,163
ch05,1.1,2,5.39,97,180,225,129,174
ch05,1.1,3,5.2,70,183,228,112,157
ch05,1.1,4,5.27,78,190,235,126,171
ch05,1.1,5,7.19,98,202,247,127,172
ch05,1.1,6,7.14,68,211,256,182,227
ch05,1.1,7,8.65,109,220,265,207,252
ch05,1.1,8,5.85,78,230,275,179,224
ch05,1.1,9,5.31,82,238,283,172,217
ch05,1.1,10,5.75,89,249,294,169,214
ch05,1.1,11,6.86,85,252,297,220,265
ch05,1.1,12,8.04,102,262,307,204,249
ch05,1.1,13,6.61,83,269,314,250,295
ch05,1.1,14,10.38,106,278,323,282,327
ch05,1.1,15,8.44,92,281,326,240,285
ch05,1.1,16,8.14,105,293,338,282,327
ch05,1.1,17,5.79,75,298,343,301,346
ch05,1.1,18,9.89,110,313,358,343,388
ch05,1.1,19,9.06,104,320,365,290,335
ch05,1.1,20,7.59,110,329,374,398,443
ch05,1.1,21,7.38,80,347,392,420,465
ch05,1.1,22,5.63,78,355,400,420,465,
ch05,1.1,23,4.77,66,364,409,390,435,
ch05,1.1,24,4.44,65,370,415,401,446,
ch05,1.1,25,1.92,,375,420,,45,
ch05,1.1,26,3.94,50,391,436,400,445,
ch05,1.1,27,3.22,57,393,438,410,455,
ch05,1.1,28,3.71,54,400,445,436,481,
ch05,1.1,29,3.08,40,405,450,435,480,
ch05,1.1,30,3.67,41,412,457,455,500,
ch05,1.1,31,2.86,33,421,466,435,480,branch number fixed (RAD)
ch05,1.1,32,3.54,20,436,481,454,499,
ch05,1.1,33,3.24,22,442,487,454,499,
ch05,1.1,34,2.12,14,445,490,466,511,
ch05,1.1,35,2.3,10,448,493,454,499,
ch05,1.1,36,2.8,6,456,501,474,519,
ch05,1.2.1,1,11.88,160,177,222,174,219,
ch05,1.2.1,2,7.13,93,179,224,122,167,
ch05,1.2.1,3,5.39,80,183,228,126,171,
ch05,1.2.1,4,4.85,83,186,231,110,155,
ch05,1.2.1,5,7.27,107,186,231,129,174,
ch05,1.2.1,6,3.24,41,201,246,183,228,
ch05,1.2.1,7,2.8,68,206,251,171,216,
ch05,1.2.1,8,5.03,95,209,254,140,185,
ch05,1.2.1,9,7.6,69,213,258,164,209,
ch05,1.2.1,10,8.13,112,227,272,175,220,
ch05,1.2.1,11,11.19,118,240,285,213,258,
ch05,1.2.1,12,6.18,74,244,289,208,253,
ch05,1.2.1,13,8.5,111,259,304,232,277,
ch05,1.2.1,14,6.51,103,267,312,241,286,
ch05,1.2.1,15,3.36,105,278,323,274,319,
ch05,1.2.1,16,6.22,70,286,331,267,312,
ch05,1.2.1,17,12.54,143,303,348,241,286,typo fixed in branch diameter (RAD)
ch05,1.2.1,18,7.69,92,311,356,342,387
ch05,1.2.1,19,12.36,141,321,366,372,417
ch05,1.2.1,20,3.44,48,327,372,301,346
ch05,1.2.1,21,11.48,140,344,389,447,492
ch05,1.2.1,22,7.4,88,365,410,453,498
ch05,1.2.1,23,4.85,70,370,415,375,420
ch05,1.2.1,24,6.17,87,382,427,453,498
ch05,1.2.1,25,5.49,72,388,433,391,436
ch05,1.2.1,26,3.8,58,395,440,450,495
ch05,1.2.1,27,3.81,43,401,446,449,494
ch05,1.2.1,28,3,38,408,453,430,475
ch05,1.2.1,29,3.66,50,420,465,454,499
ch05,1.2.1,30,3.53,31,427,472,430,475
ch05,1.2.1,31,2.37,47,430,475,446,491
ch05,1.2.1,32,3.31,33,432,477,457,502
ch05,1.2.1,33,2.86,38,434,479,412,457
ch05,1.2.1,34,3.27,30,444,489,447,492,
ch05,1.2.1,35,3.22,25,454,499,435,480,
ch05,1.2.1,36,2.49,20,459,504,445,490,
ch05,1.2.1,37,2.15,10,466,511,440,485,
ch05,1.2.2,1,3.05,41,192,237,130,175,
ch05,1.2.2,2,,,,45,,,Broken
ch05,1.2.2,3,,,,45,,,Broken
ch05,1.2.2,4,3.31,50,193,238,130,175,
ch05,1.2.2,5,4.21,67,193,238,136,181,
ch05,1.2.2,6,4.32,95,203,248,125,170,
ch05,1.2.2,7,4.91,96,210,255,170,215,
ch05,1.2.2,8,5.6,70,220,265,161,206,
ch05,1.2.2,9,4.27,70,224,269,211,256,
ch05,1.2.2,10,5.29,39,233,278,233,278,
ch05,1.2.2,11,4.45,86,242,287,199,244,
ch05,1.2.2,12,4.06,67,250,295,236,281,
ch05,1.2.2,13,3.61,51,234,279,249,294,
ch05,1.2.2,14,4.06,85,263,308,223,268,
ch05,1.2.2,15,5.78,85,271,316,236,281,
ch05,1.2.2,16,7.69,104,279,324,319,364,
ch05,1.2.2,17,5.55,79,285,330,243,288,
ch05,1.2.2,18,6.84,94,294,339,357,402,
ch05,1.2.2,19,6.37,77,301,346,278,323,
ch05,1.2.2,20,6.18,107,317,362,273,318,
ch05,1.2.2,21,3.92,56,323,368,326,371,
ch05,1.2.2,22,8.45,90,330,375,356,401,
ch05,1.2.2,23,2.02,,,45,,,Broken
ch05,1.2.2,24,4.63,75,344,389,312,357,
ch05,1.2.2,25,3.5,45,348,393,386,431,
ch05,1.2.2,26,4.65,64,354,399,369,414,
ch05,1.2.2,27,3.57,57,367,412,335,380,
ch05,1.2.2,28,3.02,46,374,419,355,400,
ch05,1.2.2,29,4.07,43,384,429,393,438
ch05,1.2.2,30,2.99,35,389,434,410,455
ch05,1.2.2,31,2.94,37,394,439,391,436
ch05,1.2.2,32,2.39,30,402,447,417,462
ch06,1,1,3.82,45,9,54,0,45
ch06,1,2,3.3,48,13,58,0,45
ch06,1,3,2.15,30,17,62,27,72
ch06,1,4,1.85,46,18,63,1,46
ch06,1,5,4.3,63,18,63,0,45
ch06,1,6,3.93,73,22,67,0,45
ch06,1,7,4.95,65,22,67,0,45
ch06,1,8,4.88,70,22.5,67.5,0,45
ch06,1,9,7,68,24.5,69.5,0,45
ch06,1,10,5.28,70,24.5,69.5,0,45
ch06,1,11,7.4,60,27.5,72.5,0,45
ch06,1,12,4.58,88,27.5,72.5,0,45
ch06,1,13,5.89,68,31.5,76.5,0,45,
ch06,1,14,7.73,64,31.5,76.5,0,45,
ch06,1,15,12.67,118,37.5,82.5,50,95,
ch06,1,16,7.32,70,39.5,84.5,0,45,
ch06,1,17,7.77,86,47.5,92.5,0,45,
ch06,1,18,9.16,97,51.5,96.5,33,78,
ch06,1,19,3.3,72,60.5,105.5,7,52,
ch06,1,20,8.05,70,63,108,17,62,
ch06,1,21,3.92,50,86.5,131.5,53,98,
ch06,1,23,3.5,60,89.5,134.5,14,59,Numbers 22 and 23 were switched (RAD)
ch06,1,22,9.58,74,90.5,135.5,62,107,
ch06,1,24,5.56,61,93.5,138.5,57,102,
ch06,1,25,4.67,62,94.5,139.5,37,82,
ch06,1,26,3.93,77,97.5,142.5,48,93,
ch06,1,27,3.91,58,102.5,147.5,58,103,
ch06,1,28,5.95,76,107.5,152.5,62,107,
ch06,1,29,5.62,74,112.5,157.5,60,105
ch06,1,30,10.37,89,115,160,75,120
ch06,1,31,7.34,82,116.5,161.5,58,103
ch06,1,32,7.49,86,122.5,167.5,84,129
ch06,1,33,6.25,81,130.5,175.5,68,113
ch06,1,34,7.64,97,139.5,184.5,86,131
ch06,1,35,5.14,78,149.5,194.5,85,130
ch06,1,36,8.34,100,150.5,195.5,150,195
ch06,1,37,5.65,81,161.5,206.5,107,152
ch06,1,38,7.66,94,173.5,218.5,142,187
ch06,1,39,4.61,76,182.5,227.5,126,171
ch06,1,40,7.8,98,187,232,167,212
ch06,1,41,6.29,81,205.5,250.5,170,215
ch06,1,42,7.53,96,213.5,258.5,186,231
ch06,1,43,5.17,79,226.5,271.5,190,235
ch06,1,44,6.67,83,235.5,280.5,208,253
ch06,1,45,5.88,83,247,292,209,254,
ch06,1,46,5.83,89,255.5,300.5,236,281,
ch06,1,47,5.42,78,275.5,320.5,211,256,
ch06,1,48,5.9,85,283.5,328.5,260,305,
ch06,1,49,4.47,72,298.5,343.5,271,316,
ch06,1,50,3.91,77,306,351,266,311,
ch06,1,51,3.46,56,318.5,363.5,299,344,
ch06,1,52,4.11,46,327.5,372.5,328,373,
ch06,1,53,2.58,38,338.5,383.5,320,365,
ch06,1,54,3.81,38,345.5,390.5,360,405,
ch06,1,55,2.01,25,355.5,400.5,339,384,
ch06,1,56,2.41,18,365.5,410.5,365,410,
ch06,1,57,1.37,8,379,424,358,403,typo fixed in branch diameter (RAD)
ch07,1,1,4.02,47,4,49,0,45,
ch07,1,2,4.22,47,7,52,0,45,
ch07,1,3,4.54,39,7,52,8,53,
ch07,1,4,4.61,84,11,56,0,45
ch07,1,5,5.62,56,11,56,0,45
ch07,1,6,3.03,45,13,58,17,62
ch07,1,7,9.22,125,19,64,0,45
ch07,1,8,5.8,60,24,69,24,69
ch07,1,9,5.06,56,31,76,8,53
ch07,1,10,10.53,147,33,78,0,45
ch07,1,11,4.07,53,39,84,12,57
ch07,1,12,3.45,47,42,87,20,65
ch07,1,13,6.42,90,48,93,0,45
ch07,1,14,7.82,103,52,97,17,62
ch07,1,15,11.35,124,64,109,17,62
ch07,1,16,2.93,40,67,112,38,83
ch07,1,17,3.01,31,77,122,53,98
ch07,1,18,7,87,85.5,130.5,50,95
ch07,1,19,9.86,105,96,141,40,85
ch07,1,20,2.97,38,102,147,74,119
ch07,1,21,4.16,55.5,113,158,71,116
ch07,1,22,8.71,102,119,164,58,103
ch07,1,23,11.9,110,129.5,174.5,78.5,123.5
ch07,1,24,5.08,78,135,180,82,127
ch07,1,25,6.07,78.5,144,189,83,128
ch07,1,26,12.06,131,150,195,110,155
ch07,1,27,8.72,101,160,205,104,149
ch07,1,28,6.7,95,162.5,207.5,105,150
ch07,1,29,5.53,77,169.5,214.5,113,158
ch07,1,30,8.66,109,174.5,219.5,125.5,170.5
ch07,1,31,11.78,125,180.5,225.5,127.5,172.5
ch07,1,32,6.33,83,183.5,228.5,130.5,175.5
ch07,1,33,7.73,88,188,233,132,177
ch07,1,34,13.03,126,193,238,188.5,233.5
ch07,1,35,9.86,105,199,244,165,210
ch07,1,36,7.57,88,204,249,155.5,200.5
ch07,1,37,7.56,82,211,256,150,195
ch07,1,38,12.86,110,216,261,244,289
ch07,1,39,10.71,120,222.5,267.5,244,289
ch07,1,40,16.66,137,234,279,324,369
ch07,1,41,9.08,90,241,286,187,232
ch07,1,42,12.81,118,247,292,320,365
ch07,1,43,9.96,112,258,303,256,301
ch07,1,44,9.21,115,267.5,312.5,294,339
ch07,1,45,8.57,92,279.5,324.5,252,297
ch07,1,46,13.16,120,290.5,335.5,401,446
ch07,1,47,7.98,70,301.5,346.5,253,298
ch07,1,48,9.71,105,308,353,383,428
ch07,1,49,7.93,91,320,365,329,374
ch07,1,50,8.17,89,326,371,403,448
ch07,1,51,7.03,92,338,383,411,456
ch07,1,52,7.78,87,343,388,425,470
ch07,1,53,6.44,78,353,398,415,460
ch07,1,54,5.25,66,362,407,413,458
ch07,1,55,3.82,59,372,417,435,480
ch07,1,56,5.13,56,377,422,424,469
ch07,1,57,2.72,42,386,431,422,467
ch07,1,58,2.63,37,393,438,434,479
ch07,1,59,2.45,24,403,448,426,471
ch07,1,60,1.6,18,411,456,423,468
ch08,1,1,2.61,48,15,60,0,45
ch08,1,2,3.58,64,15,60,0,45
ch08,1,3,4.19,45,18,63,0,45
ch08,1,4,3.555,69,19,64,0,45
ch08,1,5,6.97,84,20,65,0,45
ch08,1,6,19.53,220,26,71,172,217
ch08,1,7,5.025,61,28,73,0,45
ch08,1,8,4.685,63,29,74,0,45
ch08,1,9,6.18,61,31,76,0,45
ch08,1.1,1,6.025,92,58,103,0,45
ch08,1.1,2,4.505,79,62,107,0,45
ch08,1.1,3,6.47,87,66,111,16,61
ch08,1.1,4,5.975,87,71,116,7,52
ch08,1.1,5,7.995,99,77,122,6,51
ch08,1.1,6,4.5955,89,84,129,16,61
ch08,1.1,7,4.835,78,90,135,28,73
ch08,1.1,8,4.95,91,96,141,44,89
ch08,1.1,9,9.375,100,104,149,83,128
ch08,1.1,10,6.065,92,112,157,41,86
ch08,1.1,11,8.085,94,123,168,68,113
ch08,1.1,12,8.735,111,131,176,68,113
ch08,1.1,13,16.265,196,140,185,273,318
ch08,1.1,14,6.68,94,149,194,86,131
ch08,1.1,15,9.04,99,163,208,126,171,
ch08,1.1,16,8.26,102.5,170,215,137,182,
ch08,1.1,17,9.91,128,180,225,137,182,
ch08,1.1,18,6.91,94,188,233,157,202,
ch08,1.1,19,7.84,101,196,241,170,215,
ch08,1.1,20,8.63,93,201,246,172,217,
ch08,1.1,21,8.485,78,208,253,164,209,
ch08,1.1,22,8.485,102,214,259,92,137,Typo in branch L fixed (was 182) (RAD)
ch08,1.1,23,11.1,143,220,265,221,266,
ch08,1.1,24,8.45,93,225,270,230,275,
ch08,1.1,25,8.815,94,236,281,,,broken
ch08,1.1,26,8.885,110,242,287,261,306,
ch08,1.1,27,8.415,105,256,301,241,286,
ch08,1.1,28,9.655,88,264,309,295,340,
ch08,1.1,29,9.545,106,273,318,346,391,
ch08,1.1,30,7.655,99,279,324,337,382,
ch08,1.1,31,7.65,92,288,333,339,384
ch08,1.1,32,6.36,73,292,337,310,355
ch08,1.1,33,6.215,65,297,342,294,339
ch08,1.1,34,6.845,85,302,347,351,396
ch08,1.1,35,1.395,,12,57,,45
ch08,1.1,36,2.87,54,328,373,295,340
ch08,1.1,37,4.905,66,332,377,317,362
ch08,1.1,38,5.685,69,340,385,363,408
ch08,1.1,39,6.685,64,345,390,385,430
ch08,1.1,40,6.285,54,354,399,388,433
ch08,1.1,41,4.27,42,360,405,402,447
ch08,1.1,42,3.78,43,373,418,395,440
ch08,1.1,43,3.445,32,377,422,408,453
ch08,1.1,44,2.805,25,391,436,394,439
ch08,1.1,45,2.36,16,400,445,407,452
ch08,1.2,1,4.14,54,42,87,0,45
ch08,1.2,2,2.765,77,46,91,0,45
ch08,1.2,3,6.005,104,54,99,0,45
ch08,1.2,4,7.97,120,61,106,20,65
ch08,1.2,5,3.48,57,65,110,13,58
ch08,1.2,6,6.185,108,70,115,0,45
ch08,1.2,7,2.795,62,77,122,12,57
ch08,1.2,8,2.755,63,83,128,37,82
ch08,1.2,9,6.565,112,93,138,28,73
ch08,1.2,10,3.495,64,96,141,44,89
ch08,1.2,11,8.29,147,106,151,144,189
ch08,1.2,12,7.04,101,112,157,71,116
ch08,1.2,13,7.94,95,120,165,117,162
ch08,1.2,14,6.38,80,126,171,80,125
ch08,1.2,15,6.815,96,133,178,101,146
ch08,1.2,16,5.065,65,138,183,102,147
ch08,1.2,17,7.465,88,148,193,137,182
ch08,1.2,18,5.935,77,155,200,142,187
ch08,1.2,19,6.915,95,163,208,158,203
ch08,1.2,20,6.115,76,174,219,145,190
ch08,1.2,21,10.15,130,182,227,181,226
ch08,1.2,22,5.72,90,186,231,193,238
ch08,1.2,23,5.285,78,193,238,177,222
ch08,1.2,24,4.51,70,199,244,171,216
ch08,1.2,25,7.775,99,208,253,205,250
ch08,1.2,26,5.355,91,221,266,190,235
ch08,1.2,27,6.84,106,230,275,220,265
ch08,1.2,28,9.39,114,237,282,223,268
ch08,1.2,29,9.095,117,247,292,220,265
ch08,1.2,30,4.645,73,256,301,209,254
ch08,1.2,31,6.01,85,273,318,275,320
ch08,1.2,32,6.205,77,276,321,277,322
ch08,1.2,33,6.935,92,280,325,368,413
ch08,1.2,34,4.595,68,283,328,261,306
ch08,1.2,35,4.78,79,291,336,290,335
ch08,1.2,36,5.33,70,309,354,369,414
ch08,1.2,37,3.555,59,318,363,305,350
ch08,1.2,38,4.56,50,329,374,338,383
ch08,1.2,39,4.605,44,336,381,359,404
ch08,1.2,40,3.705,41,347,392,378,423
ch08,1.2,41,3.725,30,351,396,342,387
ch08,1.2,42,3.56,32,360,405,365,410
ch08,1.2,43,2.54,20,365,410,370,415
ch08,1.2,44,1.905,11,377,422,379,424
ch08,1.2,45,1.64,9,381,426,374,419
ch09,1,1,3.035,50,6,51,0,45
ch09,1,2,4.16,80,8,53,0,45
ch09,1,3,5.015,81,8,53,0,45
ch09,1,4,9.175,106,13,58,0,45
ch09,1,5,4.435,88,13,58,0,45
ch09,1,6,5.585,79,17,62,0,45
ch09,1,7,16.875,87,21,66,55,100
ch09,1,8,6.99,120,21,66,0,45
ch09,1,9,5.17,76,24,69,0,45
ch09,1,10,9.13,109,28,73,0,45
ch09,1,11,6.275,76,30,75,0,45
ch09,1,12,6.385,83,36,81,0,45
ch09,1,13,4.655,57,36.5,81.5,0,45
ch09,1,14,10.595,134,42.5,87.5,0,45
ch09,1,15,6.575,80,46,91,0,45
ch09,1,16,11.035,119,52.5,97.5,0,45
ch09,1,17,7.235,80,54.5,99.5,12,57
ch09,1,18,8.285,110,62.5,107.5,0,45
ch09,1,19,5.655,73,68.5,113.5,19,64
ch09,1,20,4.015,60,78.5,123.5,34,79
ch09,1,21,4.835,82,84.5,129.5,29,74
ch09,1,22,12.51,114,98.5,143.5,40,85
ch09,1,23,10.945,110,134.5,179.5,63,108
ch09,1,24,6,73,143.5,188.5,86,131
ch09,1,25,25.905,250,151,196,270,315
ch09,1,26,11.135,123,158.5,203.5,94,139
ch09,1,27,7.025,98,163.5,208.5,100,145
ch09,1,28,5.265,74,167.5,212.5,101,146
ch09,1,29,11.32,130,173.5,218.5,100,145
ch09,1,30,10.035,112,177.5,222.5,106,151
ch09,1,31,7,96,182.5,227.5,90,135
ch09,1,32,11.23,67,188.5,233.5,158,203
ch09,1,33,14,155,197.5,242.5,170,215
ch09,1,34,8.18,78,203.5,248.5,156,201
ch09,1,35,9.735,135,206,251,180,225
ch09,1,36,11.365,130,211.5,256.5,216,261
ch09,1,37,11.855,141,221.5,266.5,189,234
ch09,1,38,18.72,200,232.5,277.5,295,340
ch09,1,39,14.925,156,242.5,287.5,324,369
ch09,1,40,14.585,150,245,290,380,425
ch09,1,41,10.375,142,258,303,257,302
ch09,1,42,16.405,189,265,310,400,445
ch09,1,43,9.695,126,279,324,320,365
ch09,1,44,11.15,133,291,336,363,408
ch09,1,45,10.355,122,297,342,382,427
ch09,1,46,9.6,130,309,354,405,450
ch09,1,47,9.095,111,319,364,387,432
ch09,1,48,7.18,120,326,371,431,476
ch09,1,49,6.715,105,327,372,420,465
ch09,1,50,7.315,118,340,385,447,492
ch09,1,51,6.81,94,348,393,370,415
ch09,1,52,4.245,65,358,403,381,426
ch09,1,53,5.63,78,364,409,418,463
ch09,1,54,5.48,79,377,422,454,499
ch09,1,55,4.55,68,389,434,464,509
ch09,1,56,3.835,62,390,435,453,498
ch09,1,57,4.145,62,393,438,462,507
ch09,1,58,3.215,51,405,450,451,496
ch09,1,59,3.515,40,416,461,472,517
ch09,1,60,2.465,30,435,480,496,541
ch09,1,61,2.68,19,448,493,500,545
ch09,1,62,2.24,10,459,504,494,539
ch10,1,1,3.84,79,9,54,0,45
ch10,1,2,4.88,61,13,58,0,45
ch10,1,3,6.32,73,13.5,58.5,0,45
ch10,1,4,4.47,67,16.5,61.5,0,45
ch10,1,5,6.39,88,18.5,63.5,12,57
ch10,1,6,5.18,64,21.5,66.5,5,50
ch10,1,7,10.64,126,31.5,76.5,0,45
ch10,1,8,5.85,81,36.5,81.5,7,52
ch10,1,9,3.54,60,40.5,85.5,0,45
ch10,1,10,2.1,15,48.5,93.5,41,86
ch10,1,11,12.32,153,52.5,97.5,0,45
ch10,1,12,6.9,81,60,105,0,45
ch10,1,13,11.7,123,62.5,107.5,22,67
ch10,1,14,8.15,98,71.5,116.5,0,45
ch10,1.1,1,5.2,62,87.5,132.5,34,79
ch10,1.1,2,7.35,95,110.5,155.5,60,105
ch10,1.1,3,4.1,67,124.5,169.5,70,115
ch10,1.1,4,6.5,78,130.5,175.5,87,132
ch10,1.1,5,3.76,56,131.5,176.5,84,129
ch10,1.1,6,5.25,81,136.5,181.5,80,125
ch10,1.1,7,5.05,73,140.5,185.5,77,122
ch10,1.1,8,5.4,71,147.5,192.5,96,141
ch10,1.1,9,7.36,98,151.5,196.5,75,120
ch10,1.1,10,7.08,111,156,201,68,113
ch10,1.1,11,3.85,72,159.5,204.5,119,164
ch10,1.1,12,5.05,79,170,215,115,160
ch10,1.1,13,5.53,83,174.5,219.5,114,159
ch10,1.1,14,9.02,85,184.5,229.5,117,162
ch10,1.1,15,4.85,82,187.5,232.5,151,196
ch10,1.1,16,5.89,75,200.5,245.5,165,210
ch10,1.1,17,7.53,93,204,249,177,222
ch10,1.1,18,8.13,91,218,263,192,237
ch10,1.1,19,6.17,77,220,265,196,241
ch10,1.1,20,8.09,85,236,281,201,246
ch10,1.1,21,7.42,100,240.5,285.5,256,301
ch10,1.1,22,9.7,117,258.5,303.5,277,322
ch10,1.1,23,7.81,93,264.5,309.5,299,344
ch10,1.1,24,7.75,89,281.5,326.5,322,367
ch10,1.1,25,8.78,87,287.5,332.5,314,359
ch10,1.1,26,7.41,84,306.5,351.5,308,353
ch10,1.1,27,6.42,82,308.5,353.5,357,402
ch10,1.1,28,5.5,62,329.5,374.5,378,423
ch10,1.1,29,4.43,53,334.5,379.5,348,393
ch10,1.1,30,4.02,55,347.5,392.5,376,421
ch10,1.1,31,4.18,41,354,399,387,432
ch10,1.1,32,3.65,30.5,366,411,378,423
ch10,1.1,33,2.5,25,371.5,416.5,398,443
ch10,1.1,34,2.52,13,387.5,432.5,396,441
ch10,1.2,1,3.81,58,100,145,50,95
ch10,1.2,2,4.73,72,109,154,49.5,94.5
ch10,1.2,3,4.36,77,116,161,52,97
ch10,1.2,4,5.27,81,121,166,60,105
ch10,1.2,5,5.45,63,127,172,74,119
ch10,1.2,6,5.15,70.5,133,178,76.5,121.5
ch10,1.2,7,4.32,63,137,182,97,142
ch10,1.2,8,4.98,67,144,189,100.5,145.5
ch10,1.2,9,5.21,73,149,194,10,55
ch10,1.2,10,5.06,79,154,199,101.5,146.5
ch10,1.2,11,4.84,66.5,158.5,203.5,123,168
ch10,1.2,12,4.19,70,165.5,210.5,118.5,163.5
ch10,1.2,13,5.15,86.5,170,215,101,146
ch10,1.2,14,5.45,81.5,174,219,123,168
ch10,1.2,15,4.85,65.5,196,241,165.5,210.5
ch10,1.2,16,5.8,84,193.5,238.5,158,203
ch10,1.2,17,7.25,83,207,252,185,230
ch10,1.2,18,4.27,55,212.5,257.5,200,245
ch10,1.2,19,5,60,227,272,220,265
ch10,1.2,20,5.44,74,237.5,282.5,213,258
ch10,1.2,21,5.89,67,253.5,298.5,361,406
ch10,1.2,22,5.65,68,256.5,301.5,252,297
ch10,1.2,23,4.9,53,271.5,316.5,306,351,
ch10,1.2,24,4.73,55,276.5,321.5,278,323,
ch10,1.2,25,3.5,40,287,332,300,345,
ch10,1.2,26,3.05,41,292,337,305,350,
ch10,1.2,27,3.65,32,304,349,335,380,
ch10,1.2,28,2.37,18,310,355,320,365,
ch10,1.2,29,2.34,8,319,364,328,373,
ch10,1.2,30,1.32,8,324,369,329,374,
ch11,1,1,2.54,22,9,54,0,45,Dead
ch11,1,2,1.565,10,10,55,,,Dead
ch11,1,3,1.165,11,11.5,56.5,12,57,
ch11,1,4,1.665,13,12,57,16,61,
ch11,1,5,3.895,73,14,59,0,45,
ch11,1,6,2.705,45,17,62,0,45,
ch11,1,7,4.32,68,18,63,0,45,
ch11,1,8,2.21,30,20,65,0,45,
ch11,1,9,10.5,126,22,67,0,45
ch11,1,10,4.36,51,24,69,0,45
ch11,1,11,6.415,91,29,74,0,45
ch11,1,12,7.435,84,30,75,0,45
ch11,1,13,9.435,126,34,79,22,67
ch11,1,14,6.815,89,40,85,0,45
ch11,1,15,7.305,83,44,89,8,53
ch11,1,16,3.47,71,55,100,16,61
ch11,1.1,1,6.825,107,81,126,18,63
ch11,1.1,2,2.295,57,81,126,47,92
ch11,1.1,3,2.255,46,86,131,63,108
ch11,1.1,4,2.97,66,90,135,45,90
ch11,1.1,5,1.795,58,94,139,57,102
ch11,1.1,6,2.335,50,97,142,59,104
ch11,1.1,7,3.7,80,103,148,38,83
ch11,1.1,8,4.93,90,103,148,45,90
ch11,1.1,9,3.37,63,111,156,60,105
ch11,1.1,10,4.68,77,116,161,73,118
ch11,1.1,11,5.735,35,127,172,71,116
ch11,1.1,12,6,102,127,172,54,99
ch11,1.1,13,5.745,100,140,185,65,110
ch11,1.1,14,5.19,79,148,193,94,139
ch11,1.1,15,5.295,101,161,206,85,130
ch11,1.1,16,4.585,87,161,206,89,134
ch11,1.1,17,7.3,103,168,213,118,163
ch11,1.1,18,8.7,110,175,220,130,175
ch11,1.1,19,7.38,115,188,233,140,185
ch11,1.1,20,7.575,110,194,239,151,196
ch11,1.1,21,11.81,179,206,251,357,402
ch11,1.1,22,5.8,92,212,257,147,192
ch11,1.1,23,4.51,74,224,269,189,234
ch11,1.1,24,2.85,5,229,274,181,226
ch11,1.1,25,5.87,98,238,283,218,263
ch11,1.1,26,5.58,95,242,287,253,298
ch11,1.1,27,6.735,100,254,299,246,291
ch11,1.1,28,6.335,98,262,307,220,265
ch11,1.1,29,5.935,80,277,322,232,277
ch11,1.1,30,6.435,98,288,333,324,369
ch11,1.1,31,5.625,81,301,346,308,353
ch11,1.1,32,6.245,83,313,358,332,377
ch11,1.1,33,5.865,93,327,372,373,418
ch11,1.1,34,4.665,71,338,383,385,430
ch11,1.1,35,4.97,77,346,391,379,424
ch11,1.1,36,4.21,63,362,407,441,486
ch11,1.1,37,4.46,59,371,416,435,480
ch11,1.1,38,3.185,49,385,430,446,491
ch11,1.1,39,2.95,39,393,438,467,512
ch11,1.1,40,2.88,40,407,452,480,525
ch11,1.1,41,2.535,21,418,463,491,536,
ch11,1.1,42,2.195,12,431,476,493,538,
ch11,1.2,1,5.645,82,74,119,15,60,
ch11,1.2,2,3.995,54,84,129,44,89,
ch11,1.2,3,2.785,49,91,136,58,103,
ch11,1.2,4,1.99,48,94,139,56,101,
ch11,1.2,5,3.155,60,98,143,48,93,
ch11,1.2,6,2.24,51,102,147,62,107,
ch11,1.2,7,3.14,53,102,147,57,102,
ch11,1.2,8,3.825,69,107,152,43,88,
ch11,1.2,9,3.51,23,111,156,107,152,Broken at 23cm
ch11,1.2,10,5.7,87,121,166,63,108,
ch11,1.2,11,4.895,53,124,169,72,117,
ch11,1.2,12,4.84,57,136,181,82,127,
ch11,1.2,13,6.22,97,144,189,81,126,
ch11,1.2,14,6.225,92,151,196,85,130,
ch11,1.2,15,5.535,82,156,201,84,129
ch11,1.2,16,7.245,104,167,212,97,142
ch11,1.2,17,6.135,90,175,220,110,155
ch11,1.2,18,5.72,83,187,232,132,177
ch11,1.2,19,6.75,97,190,235,107,152
ch11,1.2,20,7.235,100,204,249,148,193
ch11,1.2,21,6.78,111,211,256,167,212
ch11,1.2,22,7.845,112,221,266,203,248
ch11,1.2,23,8.025,90,227,272,152,197
ch11,1.2,24,6.225,78,239,284,178,223
ch11,1.2,25,5.785,92,245,290,195,240
ch11,1.2,26,6.555,98,261,306,246,291
ch11,1.2,27,5.46,70,270,315,244,289
ch11,1.2,28,6.645,90,283,328,228,273
ch11,1.2,29,6.335,89,291,336,272,317
ch11,1.2,30,5.5,80,301,346,264,309
ch11,1.2,31,5.93,80,306,351,294,339
ch11,1.2,32,5.465,81,321,366,325,370
ch11,1.2,33,5.98,79,328,373,290,335
ch11,1.2,34,4.995,70,342,387,351,396
ch11,1.2,35,5.88,73,349,394,415,460
ch11,1.2,36,4.615,67,365,410,420,465
ch11,1.2,37,4.685,61,373,418,388,433
ch11,1.2,38,3.535,43,389,434,380,425
ch11,1.2,39,3.93,38,398,443,411,456
ch11,1.2,40,2.595,30,413,458,472,517
ch11,1.2,41,1.79,22,422,467,469,514
ch11,1.2,42,1.925,13,430,475,472,517
ch12,1,1,3.85,55,10,55,0,45
ch12,1,2,2.81,53,11,56,0,45
ch12,1,3,4.155,27,14,59,20,65
ch12,1,4,2.66,33,14.5,59.5,0,45
ch12,1,5,1.44,57,15.5,60.5,0,45
ch12,1,6,4.12,71,16,61,0,45
ch12,1,7,7.395,90,18,63,0,45
ch12,1,8,2.965,47,19,64,0,45
ch12,1,9,6.565,63,23,68,0,45
ch12,1,10,9.97,78,23.2,68.2,0,45
ch12,1,11,8.885,70,26.2,71.2,0,45
ch12,1,12,9.19,69,30.2,75.2,0,45
ch12,1,13,4.315,56,35.2,80.2,0,45
ch12,1,14,5.13,57,36.2,81.2,0,45
ch12,1,15,3.67,41,43.7,88.7,22,67
ch12,1,16,3.13,57,45.2,90.2,0,45
ch12,1,17,3.31,61,48.2,93.2,0,45
ch12,1,18,1.94,41,54.2,99.2,27,72
ch12,1,19,7.96,90,57.7,102.7,0,45
ch12,1,20,2.93,48,58.2,103.2,13,58
ch12,1,21,2.4,44,58.5,103.5,19,64,
ch12,1,22,8.255,100,60.5,105.5,19,64,
ch12,1,23,3.74,62,61.5,106.5,20,65,
ch12,1,24,4.575,60,62,107,14,59,
ch12,1,25,3.065,50,61.5,106.5,20,65,
ch12,1,26,4.78,66,61.7,106.7,8,53,
ch12,1,27,1.255,35,60.7,105.7,35,80,very long given diameter: check original sheets
ch12,1,28,3.32,56,62.2,107.2,7,52,
ch12,1,29,3.99,53,70.2,115.2,41,86,
ch12,1,30,2.86,61,71.2,116.2,11,56,
ch12,1,31,4.795,61,76.2,121.2,47,92,
ch12,1,32,6.365,88,77.7,122.7,17,62,
ch12,1,33,3.3,58,85.7,130.7,31,76,
ch12,1,34,3.765,64,86.2,131.2,40,85,
ch12,1,35,5.085,74,94.2,139.2,39,84,
ch12,1,36,10.525,110,96.2,141.2,167,212,
ch12,1,37,4.69,58,103.7,148.7,47,92
ch12,1,38,7.96,95,109.7,154.7,70,115
ch12,1,39,5.535,73,117.7,162.7,64,109
ch12,1,40,6.45,83,120.7,165.7,98,143
ch12,1,41,5.995,76,131.7,176.7,11,56
ch12,1,42,6.455,82,140.7,185.7,112,157
ch12,1,43,6.12,67,147,192,103,148
ch12,1,44,7.2,89,150,195,152,197
ch12,1,45,9.685,133,163,208,264,309
ch12,1,46,6.29,60,166,211,149,194
ch12,1,47,4.305,50,176,221,144,189
ch12,1,48,8.705,93,179,224,235,280
ch12,1,49,2.63,40,191,236,162,207
ch12,1,50,4.535,74,191,236,177,222
ch12,1,51,6.13,77,200,245,203,248
ch12,1,52,5.215,72,202,247,190,235
ch12,1,53,4.44,72,202,247,212,257
ch12,1,54,5.04,66,216,261,202,247
ch12,1,55,5.235,59,224,269,214,259
ch12,1,56,6.805,90,231,276,305,350
ch12,1,57,6.44,84,242,287,297,342
ch12,1,58,4.88,67,246,291,267,312
ch12,1,59,4.31,60,255,300,250,295
ch12,1,60,5.23,69,260,305,312,357
ch12,1,61,4.195,56,271,316,289,334
ch12,1,62,3.95,56,272,317,271,316
ch12,1,63,4.675,50,282,327,303,348
ch12,1,64,3.86,43,296,341,310,355
ch12,1,65,3.905,39,295,340,305,350
ch12,1,66,2.845,34,297,342,311,356
ch12,1,67,2.885,31,307,352,344,389
ch12,1,68,2.4,24,311,356,343,388
ch12,1,69,2.33,14,325,370,360,405
ch12,1,70,1.705,13,327,372,364,409
