"","Date","chamber","Pathlength","Diameter","Lengthvalue","Stemsegmnt"
"1","2008-01-16","ch01",30,3.53077941176471,30,1
"383","2008-01-16","ch01",65,3.2445,30,1
"765","2008-01-16","ch01",5,3.86477205882353,5,1
"13","2008-02-21","ch01",30,4.81034482758621,30,1
"395","2008-02-21","ch01",65,4.5,30,1
"777","2008-02-21","ch01",5,5.17241379310345,5,1
"24","2008-03-04","ch01",30,4.96348314606742,30,1
"406","2008-03-04","ch01",65,4.65,30,1
"788","2008-03-04","ch01",5,5.32921348314607,5,1
"36","2008-03-11","ch01",30,4.96888888888889,30,1
"418","2008-03-11","ch01",65,4.68,30,1
"800","2008-03-11","ch01",5,5.30592592592592,5,1
"48","2008-03-14","ch01",30,5.13392712550607,30,1
"430","2008-03-14","ch01",65,4.84,30,1
"812","2008-03-14","ch01",5,5.47684210526316,5,1
"60","2008-03-18","ch01",30,5.19601941747573,30,1
"442","2008-03-18","ch01",65,4.91,30,1
"824","2008-03-18","ch01",5,5.52970873786408,5,1
"72","2008-03-25","ch01",30,5.4588416988417,30,1
"454","2008-03-25","ch01",65,5.16,30,1
"836","2008-03-25","ch01",5,5.80749034749035,5,1
"84","2008-03-31","ch01",30,5.59943502824859,30,1
"466","2008-03-31","ch01",65,5.3,30,1
"848","2008-03-31","ch01",5,5.94877589453861,5,1
"96","2008-04-08","ch01",30,5.62285714285714,30,1
"478","2008-04-08","ch01",65,5.33,30,1
"860","2008-04-08","ch01",5,5.96452380952381,5,1
"108","2008-04-15","ch01",30,5.68371278458844,30,1
"490","2008-04-15","ch01",65,5.4,30,1
"872","2008-04-15","ch01",5,6.01471103327496,5,1
"120","2008-04-22","ch01",30,5.86419014084507,30,1
"502","2008-04-22","ch01",65,5.57,30,1
"884","2008-04-22","ch01",5,6.20741197183099,5,1
"132","2008-04-29","ch01",30,6.06315789473684,30,1
"514","2008-04-29","ch01",65,5.76,30,1
"896","2008-04-29","ch01",5,6.41684210526316,5,1
"144","2008-05-06","ch01",30,6.01791666666667,30,1
"526","2008-05-06","ch01",65,5.72,30,1
"908","2008-05-06","ch01",5,6.36548611111111,5,1
"156","2008-05-20","ch01",30,6.14051457975986,30,1
"538","2008-05-20","ch01",65,5.84,30,1
"920","2008-05-20","ch01",5,6.49111492281304,5,1
"168","2008-06-02","ch01",30,6.32506756756757,30,1
"550","2008-06-02","ch01",65,6.02,30,1
"932","2008-06-02","ch01",5,6.68097972972973,5,1
"180","2008-06-16","ch01",30,6.46271186440678,30,1
"562","2008-06-16","ch01",65,6.15,30,1
"944","2008-06-16","ch01",5,6.82754237288136,5,1
"192","2008-07-01","ch01",30,6.63442786069652,30,1
"574","2008-07-01","ch01",65,6.32,30,1
"956","2008-07-01","ch01",5,7.00126036484246,5,1
"204","2008-07-16","ch01",30,6.86645590682196,30,1
"586","2008-07-16","ch01",65,6.54,30,1
"968","2008-07-16","ch01",5,7.24732113144759,5,1
"216","2008-07-29","ch01",30,6.8128855721393,30,1
"598","2008-07-29","ch01",65,6.49,30,1
"980","2008-07-29","ch01",5,7.18958540630183,5,1
"228","2008-08-20","ch01",30,6.97598039215686,30,1
"610","2008-08-20","ch01",65,6.65,30,1
"992","2008-08-20","ch01",5,7.3562908496732,5,1
"240","2008-09-17","ch01",30,7.82003311258278,30,1
"622","2008-09-17","ch01",65,7.45,30,1
"1004","2008-09-17","ch01",5,8.25173841059603,5,1
"252","2008-10-01","ch01",30,8.24513422818792,30,1
"634","2008-10-01","ch01",65,7.85,30,1
"1016","2008-10-01","ch01",5,8.70612416107383,5,1
"264","2008-10-14","ch01",30,8.6564039408867,30,1
"646","2008-10-14","ch01",65,8.25,30,1
"1028","2008-10-14","ch01",5,9.13054187192118,5,1
"276","2008-10-28","ch01",30,8.91023774145616,30,1
"658","2008-10-28","ch01",65,8.53,30,1
"1040","2008-10-28","ch01",5,9.35384843982169,5,1
"288","2008-11-11","ch01",30,9.12286931818182,30,1
"670","2008-11-11","ch01",65,8.75,30,1
"1052","2008-11-11","ch01",5,9.55788352272727,5,1
"300","2008-12-09","ch01",30,9.66046511627907,30,1
"682","2008-12-09","ch01",65,9.3,30,1
"1064","2008-12-09","ch01",5,10.081007751938,5,1
"312","2008-12-23","ch01",30,9.89518072289157,30,1
"694","2008-12-23","ch01",65,9.55,30,1
"1076","2008-12-23","ch01",5,10.2978915662651,5,1
"324","2009-01-05","ch01",30,10.2375,30,1
"706","2009-01-05","ch01",65,9.9,30,1
"1088","2009-01-05","ch01",5,10.63125,5,1
"335","2009-01-20","ch01",30,10.2850168350168,30,1
"717","2009-01-20","ch01",65,9.95,30,1
"1099","2009-01-20","ch01",5,10.6758698092031,5,1
"347","2009-02-03","ch01",30,10.6347778981582,30,1
"729","2009-02-03","ch01",65,10.3,30,1
"1111","2009-02-03","ch01",5,11.0253521126761,5,1
"359","2009-02-17","ch01",30,10.6358695652174,30,1
"741","2009-02-17","ch01",65,10.3,30,1
"1123","2009-02-17","ch01",5,11.0277173913043,5,1
"371","2009-03-16","ch01",30,10.945652173913,30,1
"753","2009-03-16","ch01",65,10.6,30,1
"1135","2009-03-16","ch01",5,11.3489130434783,5,1
"2","2008-01-16","ch02",30,2.74279032258065,30,1
"384","2008-01-16","ch02",65,2.4765,30,1
"766","2008-01-16","ch02",5,3.0534623655914,5,1
"14","2008-02-21","ch02",30,3.888,30,1
"396","2008-02-21","ch02",65,3.6,30,1
"778","2008-02-21","ch02",5,4.224,5,1
"25","2008-03-04","ch02",30,3.92238805970149,30,1
"407","2008-03-04","ch02",65,3.65,30,1
"789","2008-03-04","ch02",5,4.24017412935323,5,1
"37","2008-03-11","ch02",30,4.12318181818182,30,1
"419","2008-03-11","ch02",65,3.86,30,1
"801","2008-03-11","ch02",5,4.43022727272727,5,1
"49","2008-03-14","ch02",30,4.19613995485327,30,1
"431","2008-03-14","ch02",65,3.93,30,1
"813","2008-03-14","ch02",5,4.50663656884876,5,1
"61","2008-03-18","ch02",30,4.33371490280778,30,1
"443","2008-03-18","ch02",65,4.07,30,1
"825","2008-03-18","ch02",5,4.64138228941685,5,1
"73","2008-03-25","ch02",30,4.53521739130435,30,1
"455","2008-03-25","ch02",65,4.27,30,1
"837","2008-03-25","ch02",5,4.84463768115942,5,1
"85","2008-03-31","ch02",30,4.64926229508197,30,1
"467","2008-03-31","ch02",65,4.38,30,1
"849","2008-03-31","ch02",5,4.96340163934426,5,1
"97","2008-04-08","ch02",30,4.76418786692759,30,1
"479","2008-04-08","ch02",65,4.5,30,1
"861","2008-04-08","ch02",5,5.07240704500979,5,1
"109","2008-04-15","ch02",30,4.95,30,1
"491","2008-04-15","ch02",65,4.68,30,1
"873","2008-04-15","ch02",5,5.265,5,1
"121","2008-04-22","ch02",30,5.14310679611651,30,1
"503","2008-04-22","ch02",65,4.86,30,1
"885","2008-04-22","ch02",5,5.47339805825243,5,1
"133","2008-04-29","ch02",30,5.19640449438202,30,1
"515","2008-04-29","ch02",65,4.92,30,1
"897","2008-04-29","ch02",5,5.51887640449438,5,1
"145","2008-05-06","ch02",30,5.24257769652651,30,1
"527","2008-05-06","ch02",65,4.97,30,1
"909","2008-05-06","ch02",5,5.56058500914077,5,1
"157","2008-05-20","ch02",30,5.44945945945946,30,1
"539","2008-05-20","ch02",65,5.17,30,1
"921","2008-05-20","ch02",5,5.7754954954955,5,1
"169","2008-06-02","ch02",30,5.71297297297297,30,1
"551","2008-06-02","ch02",65,5.42,30,1
"933","2008-06-02","ch02",5,6.05477477477478,5,1
"181","2008-06-16","ch02",30,5.8194575045208,30,1
"563","2008-06-16","ch02",65,5.52,30,1
"945","2008-06-16","ch02",5,6.16882459312839,5,1
"193","2008-07-01","ch02",30,6.00700179533214,30,1
"575","2008-07-01","ch02",65,5.7,30,1
"957","2008-07-01","ch02",5,6.36517055655296,5,1
"205","2008-07-16","ch02",30,6.13594306049822,30,1
"587","2008-07-16","ch02",65,5.825,30,1
"969","2008-07-16","ch02",5,6.49870996441281,5,1
"217","2008-07-29","ch02",30,6.16339285714286,30,1
"599","2008-07-29","ch02",65,5.85,30,1
"981","2008-07-29","ch02",5,6.52901785714286,5,1
"229","2008-08-20","ch02",30,6.37010582010582,30,1
"611","2008-08-20","ch02",65,6.05,30,1
"993","2008-08-20","ch02",5,6.74356261022928,5,1
"241","2008-09-17","ch02",30,6.94920634920635,30,1
"623","2008-09-17","ch02",65,6.6,30,1
"1005","2008-09-17","ch02",5,7.35661375661376,5,1
"253","2008-10-01","ch02",30,7.27496478873239,30,1
"635","2008-10-01","ch02",65,6.91,30,1
"1017","2008-10-01","ch02",5,7.70075704225352,5,1
"265","2008-10-14","ch02",30,7.49821428571429,30,1
"647","2008-10-14","ch02",65,7.15,30,1
"1029","2008-10-14","ch02",5,7.90446428571429,5,1
"277","2008-10-28","ch02",30,7.77719626168224,30,1
"659","2008-10-28","ch02",65,7.43,30,1
"1041","2008-10-28","ch02",5,8.18225856697819,5,1
"289","2008-11-11","ch02",30,8.08991228070176,30,1
"671","2008-11-11","ch02",65,7.75,30,1
"1053","2008-11-11","ch02",5,8.48647660818713,5,1
"301","2008-12-09","ch02",30,8.72769830949285,30,1
"683","2008-12-09","ch02",65,8.4,30,1
"1065","2008-12-09","ch02",5,9.11001300390117,5,1
"313","2008-12-23","ch02",30,8.9512158808933,30,1
"695","2008-12-23","ch02",65,8.63,30,1
"1077","2008-12-23","ch02",5,9.32596774193548,5,1
"325","2009-01-05","ch02",30,9.22052821128452,30,1
"707","2009-01-05","ch02",65,8.9,30,1
"1089","2009-01-05","ch02",5,9.59447779111645,5,1
"336","2009-01-20","ch02",30,9.30646992054483,30,1
"718","2009-01-20","ch02",65,9,30,1
"1100","2009-01-20","ch02",5,9.66401816118048,5,1
"348","2009-02-03","ch02",30,9.50497237569061,30,1
"730","2009-02-03","ch02",65,9.2,30,1
"1112","2009-02-03","ch02",5,9.86077348066298,5,1
"360","2009-02-17","ch02",30,9.70652173913044,30,1
"742","2009-02-17","ch02",65,9.4,30,1
"1124","2009-02-17","ch02",5,10.0641304347826,5,1
"372","2009-03-16","ch02",30,10.3260869565217,30,1
"754","2009-03-16","ch02",65,10,30,1
"1136","2009-03-16","ch02",5,10.7065217391304,5,1
"3","2008-01-16","ch03",30,3.83820945945946,30,1
"385","2008-01-16","ch03",65,3.485,30,1
"767","2008-01-16","ch03",5,4.25028716216216,5,1
"15","2008-02-21","ch03",30,4.82142857142857,30,1
"397","2008-02-21","ch03",65,4.5,30,1
"779","2008-02-21","ch03",5,5.19642857142857,5,1
"26","2008-03-04","ch03",30,5.02265446224256,30,1
"408","2008-03-04","ch03",65,4.7,30,1
"790","2008-03-04","ch03",5,5.39908466819222,5,1
"38","2008-03-11","ch03",30,5.32340757238307,30,1
"420","2008-03-11","ch03",65,4.99,30,1
"802","2008-03-11","ch03",5,5.71238307349666,5,1
"50","2008-03-14","ch03",30,5.44890792291221,30,1
"432","2008-03-14","ch03",65,5.12,30,1
"814","2008-03-14","ch03",5,5.83263383297645,5,1
"62","2008-03-18","ch03",30,5.59732919254658,30,1
"444","2008-03-18","ch03",65,5.27,30,1
"826","2008-03-18","ch03",5,5.9792132505176,5,1
"74","2008-03-25","ch03",30,5.79292682926829,30,1
"456","2008-03-25","ch03",65,5.46,30,1
"838","2008-03-25","ch03",5,6.18134146341463,5,1
"86","2008-03-31","ch03",30,5.94863179074447,30,1
"468","2008-03-31","ch03",65,5.61,30,1
"850","2008-03-31","ch03",5,6.34370221327968,5,1
"98","2008-04-08","ch03",30,6.1080859375,30,1
"480","2008-04-08","ch03",65,5.77,30,1
"862","2008-04-08","ch03",5,6.50251953125,5,1
"110","2008-04-15","ch03",30,6.24998082454458,30,1
"492","2008-04-15","ch03",65,5.91,30,1
"874","2008-04-15","ch03",5,6.6466251198466,5,1
"122","2008-04-22","ch03",30,6.34954802259887,30,1
"504","2008-04-22","ch03",65,6.01,30,1
"886","2008-04-22","ch03",5,6.74568738229755,5,1
"134","2008-04-29","ch03",30,6.57547134935305,30,1
"516","2008-04-29","ch03",65,6.23,30,1
"898","2008-04-29","ch03",5,6.97852125693161,5,1
"146","2008-05-06","ch03",30,6.43667931688804,30,1
"528","2008-05-06","ch03",65,6.09,30,1
"910","2008-05-06","ch03",5,6.8411385199241,5,1
"158","2008-05-20","ch03",30,6.64870848708487,30,1
"540","2008-05-20","ch03",65,6.3,30,1
"922","2008-05-20","ch03",5,7.05553505535055,5,1
"170","2008-06-02","ch03",30,6.98204502814259,30,1
"552","2008-06-02","ch03",65,6.61,30,1
"934","2008-06-02","ch03",5,7.41609756097561,5,1
"182","2008-06-16","ch03",30,7.2144277673546,30,1
"564","2008-06-16","ch03",65,6.83,30,1
"946","2008-06-16","ch03",5,7.66292682926829,5,1
"194","2008-07-01","ch03",30,7.26724202626642,30,1
"576","2008-07-01","ch03",65,6.88,30,1
"958","2008-07-01","ch03",5,7.7190243902439,5,1
"206","2008-07-16","ch03",30,7.49063197026022,30,1
"588","2008-07-16","ch03",65,7.095,30,1
"970","2008-07-16","ch03",5,7.95220260223048,5,1
"218","2008-07-29","ch03",30,7.49591078066914,30,1
"600","2008-07-29","ch03",65,7.1,30,1
"982","2008-07-29","ch03",5,7.95780669144981,5,1
"230","2008-08-20","ch03",30,7.94072727272727,30,1
"612","2008-08-20","ch03",65,7.53,30,1
"994","2008-08-20","ch03",5,8.41990909090909,5,1
"242","2008-09-17","ch03",30,8.80711678832117,30,1
"624","2008-09-17","ch03",65,8.35,30,1
"1006","2008-09-17","ch03",5,9.3404197080292,5,1
"254","2008-10-01","ch03",30,9.38633879781421,30,1
"636","2008-10-01","ch03",65,8.9,30,1
"1018","2008-10-01","ch03",5,9.95373406193078,5,1
"266","2008-10-14","ch03",30,9.69444253859348,30,1
"648","2008-10-14","ch03",65,9.22,30,1
"1030","2008-10-14","ch03",5,10.2479588336192,5,1
"278","2008-10-28","ch03",30,9.9256711409396,30,1
"660","2008-10-28","ch03",65,9.45,30,1
"1042","2008-10-28","ch03",5,10.4806208053691,5,1
"290","2008-11-11","ch03",30,10.293288590604,30,1
"672","2008-11-11","ch03",65,9.8,30,1
"1054","2008-11-11","ch03",5,10.8687919463087,5,1
"302","2008-12-09","ch03",30,11.0428969359331,30,1
"684","2008-12-09","ch03",65,10.6,30,1
"1066","2008-12-09","ch03",5,11.5596100278552,5,1
"314","2008-12-23","ch03",30,11.3805373525557,30,1
"696","2008-12-23","ch03",65,10.95,30,1
"1078","2008-12-23","ch03",5,11.8828309305374,5,1
"326","2009-01-05","ch03",30,11.8009617755857,30,1
"708","2009-01-05","ch03",65,11.38,30,1
"1090","2009-01-05","ch03",5,12.2920838471023,5,1
"337","2009-01-20","ch03",30,12.1425439624853,30,1
"719","2009-01-20","ch03",65,11.73,30,1
"1101","2009-01-20","ch03",5,12.6238452520516,5,1
"349","2009-02-03","ch03",30,12.6044198895028,30,1
"731","2009-02-03","ch03",65,12.2,30,1
"1113","2009-02-03","ch03",5,13.0762430939227,5,1
"361","2009-02-17","ch03",30,12.9076086956522,30,1
"743","2009-02-17","ch03",65,12.5,30,1
"1125","2009-02-17","ch03",5,13.383152173913,5,1
"373","2009-03-16","ch03",30,13.4239130434783,30,1
"755","2009-03-16","ch03",65,13,30,1
"1137","2009-03-16","ch03",5,13.9184782608696,5,1
"4","2008-01-16","ch04",30,2.91143661971831,30,1
"386","2008-01-16","ch04",65,2.552,30,1
"768","2008-01-16","ch04",5,3.330779342723,5,1
"27","2008-03-04","ch04",30,3.86395147313692,30,1
"409","2008-03-04","ch04",65,3.5,30,1
"791","2008-03-04","ch04",5,4.28856152512998,5,1
"39","2008-03-11","ch04",30,4.08601351351351,30,1
"421","2008-03-11","ch04",65,3.71,30,1
"803","2008-03-11","ch04",5,4.52469594594595,5,1
"51","2008-03-14","ch04",30,4.147,30,1
"433","2008-03-14","ch04",65,3.77,30,1
"815","2008-03-14","ch04",5,4.58683333333333,5,1
"63","2008-03-18","ch04",30,4.32881578947368,30,1
"445","2008-03-18","ch04",65,3.94,30,1
"827","2008-03-18","ch04",5,4.78243421052632,5,1
"75","2008-03-25","ch04",30,4.42253246753247,30,1
"457","2008-03-25","ch04",65,4.03,30,1
"839","2008-03-25","ch04",5,4.88048701298701,5,1
"87","2008-03-31","ch04",30,4.45639240506329,30,1
"469","2008-03-31","ch04",65,4.07,30,1
"851","2008-03-31","ch04",5,4.9071835443038,5,1
"99","2008-04-08","ch04",30,4.58158878504673,30,1
"481","2008-04-08","ch04",65,4.19,30,1
"863","2008-04-08","ch04",5,5.03844236760125,5,1
"111","2008-04-15","ch04",30,4.74545454545455,30,1
"493","2008-04-15","ch04",65,4.35,30,1
"875","2008-04-15","ch04",5,5.20681818181818,5,1
"123","2008-04-22","ch04",30,4.81347181008902,30,1
"505","2008-04-22","ch04",65,4.42,30,1
"887","2008-04-22","ch04",5,5.27252225519288,5,1
"135","2008-04-29","ch04",30,4.96739130434783,30,1
"517","2008-04-29","ch04",65,4.57,30,1
"899","2008-04-29","ch04",5,5.43101449275362,5,1
"147","2008-05-06","ch04",30,4.95728813559322,30,1
"529","2008-05-06","ch04",65,4.57,30,1
"911","2008-05-06","ch04",5,5.40912429378531,5,1
"159","2008-05-20","ch04",30,5.198891966759,30,1
"541","2008-05-20","ch04",65,4.8,30,1
"923","2008-05-20","ch04",5,5.66426592797784,5,1
"171","2008-06-02","ch04",30,5.30384615384615,30,1
"553","2008-06-02","ch04",65,4.9,30,1
"935","2008-06-02","ch04",5,5.775,5,1
"183","2008-06-16","ch04",30,5.46620879120879,30,1
"565","2008-06-16","ch04",65,5.05,30,1
"947","2008-06-16","ch04",5,5.95178571428571,5,1
"195","2008-07-01","ch04",30,5.64057851239669,30,1
"577","2008-07-01","ch04",65,5.21,30,1
"959","2008-07-01","ch04",5,6.14292011019284,5,1
"207","2008-07-16","ch04",30,5.82462809917355,30,1
"589","2008-07-16","ch04",65,5.38,30,1
"971","2008-07-16","ch04",5,6.3433608815427,5,1
"219","2008-07-29","ch04",30,5.86793388429752,30,1
"601","2008-07-29","ch04",65,5.42,30,1
"983","2008-07-29","ch04",5,6.39052341597796,5,1
"231","2008-08-20","ch04",30,6.08963788300836,30,1
"613","2008-08-20","ch04",65,5.62,30,1
"995","2008-08-20","ch04",5,6.63754874651811,5,1
"243","2008-09-17","ch04",30,6.82354570637119,30,1
"625","2008-09-17","ch04",65,6.3,30,1
"1007","2008-09-17","ch04",5,7.43434903047091,5,1
"255","2008-10-01","ch04",30,7.12002680965147,30,1
"637","2008-10-01","ch04",65,6.59,30,1
"1019","2008-10-01","ch04",5,7.73839142091153,5,1
"267","2008-10-14","ch04",30,7.2644776119403,30,1
"649","2008-10-14","ch04",65,6.76,30,1
"1031","2008-10-14","ch04",5,7.85303482587065,5,1
"279","2008-10-28","ch04",30,7.37695852534562,30,1
"661","2008-10-28","ch04",65,6.9,30,1
"1043","2008-10-28","ch04",5,7.93341013824885,5,1
"291","2008-11-11","ch04",30,7.54936708860759,30,1
"673","2008-11-11","ch04",65,7.1,30,1
"1055","2008-11-11","ch04",5,8.07362869198312,5,1
"303","2008-12-09","ch04",30,8.00070298769771,30,1
"685","2008-12-09","ch04",65,7.6,30,1
"1067","2008-12-09","ch04",5,8.46818980667838,5,1
"315","2008-12-23","ch04",30,8.2425,30,1
"697","2008-12-23","ch04",65,7.85,30,1
"1079","2008-12-23","ch04",5,8.70041666666667,5,1
"327","2009-01-05","ch04",30,8.43031496062992,30,1
"709","2009-01-05","ch04",65,8.05,30,1
"1091","2009-01-05","ch04",5,8.8740157480315,5,1
"338","2009-01-20","ch04",30,8.59822085889571,30,1
"720","2009-01-20","ch04",65,8.22,30,1
"1102","2009-01-20","ch04",5,9.03947852760736,5,1
"350","2009-02-03","ch04",30,8.86221590909091,30,1
"732","2009-02-03","ch04",65,8.5,30,1
"1114","2009-02-03","ch04",5,9.28480113636364,5,1
"362","2009-02-17","ch04",30,8.91177715091679,30,1
"744","2009-02-17","ch04",65,8.55,30,1
"1126","2009-02-17","ch04",5,9.33385049365303,5,1
"374","2009-03-16","ch04",30,9.24993446920052,30,1
"756","2009-03-16","ch04",65,8.9,30,1
"1138","2009-03-16","ch04",5,9.65819134993447,5,1
"5","2008-01-16","ch05",30,3.31995762711864,30,1
"387","2008-01-16","ch05",65,3.0135,30,1
"769","2008-01-16","ch05",5,3.67749152542373,5,1
"16","2008-02-21","ch05",30,3.97819548872181,30,1
"398","2008-02-21","ch05",65,3.7,30,1
"780","2008-02-21","ch05",5,4.30275689223058,5,1
"28","2008-03-04","ch05",30,4.16651480637813,30,1
"410","2008-03-04","ch05",65,3.9,30,1
"792","2008-03-04","ch05",5,4.47744874715262,5,1
"40","2008-03-11","ch05",30,4.40842696629213,30,1
"422","2008-03-11","ch05",65,4.13,30,1
"804","2008-03-11","ch05",5,4.73325842696629,5,1
"52","2008-03-14","ch05",30,4.512,30,1
"434","2008-03-14","ch05",65,4.23,30,1
"816","2008-03-14","ch05",5,4.841,5,1
"64","2008-03-18","ch05",30,4.66076923076923,30,1
"446","2008-03-18","ch05",65,4.38,30,1
"828","2008-03-18","ch05",5,4.98833333333333,5,1
"76","2008-03-25","ch05",30,4.961875,30,1
"458","2008-03-25","ch05",65,4.67,30,1
"840","2008-03-25","ch05",5,5.30239583333333,5,1
"88","2008-03-31","ch05",30,4.94964071856287,30,1
"470","2008-03-31","ch05",65,4.67,30,1
"852","2008-03-31","ch05",5,5.27588822355289,5,1
"100","2008-04-08","ch05",30,5.25839458413926,30,1
"482","2008-04-08","ch05",65,4.97,30,1
"864","2008-04-08","ch05",5,5.59485493230174,5,1
"112","2008-04-15","ch05",30,5.25977528089888,30,1
"494","2008-04-15","ch05",65,4.98,30,1
"876","2008-04-15","ch05",5,5.5861797752809,5,1
"124","2008-04-22","ch05",30,5.43717472118959,30,1
"506","2008-04-22","ch05",65,5.15,30,1
"888","2008-04-22","ch05",5,5.77221189591078,5,1
"136","2008-04-29","ch05",30,5.65396709323583,30,1
"518","2008-04-29","ch05",65,5.36,30,1
"900","2008-04-29","ch05",5,5.99692870201097,5,1
"148","2008-05-06","ch05",30,5.57802177858439,30,1
"530","2008-05-06","ch05",65,5.29,30,1
"912","2008-05-06","ch05",5,5.91404718693285,5,1
"160","2008-05-20","ch05",30,5.82625,30,1
"542","2008-05-20","ch05",65,5.53,30,1
"924","2008-05-20","ch05",5,6.171875,5,1
"172","2008-06-02","ch05",30,6.07691489361702,30,1
"554","2008-06-02","ch05",65,5.77,30,1
"936","2008-06-02","ch05",5,6.43498226950355,5,1
"184","2008-06-16","ch05",30,6.24824686940966,30,1
"566","2008-06-16","ch05",65,5.93,30,1
"948","2008-06-16","ch05",5,6.61953488372093,5,1
"196","2008-07-01","ch05",30,6.43271126760563,30,1
"578","2008-07-01","ch05",65,6.11,30,1
"960","2008-07-01","ch05",5,6.80920774647887,5,1
"208","2008-07-16","ch05",30,6.69473684210526,30,1
"590","2008-07-16","ch05",65,6.36,30,1
"972","2008-07-16","ch05",5,7.08526315789474,5,1
"220","2008-07-29","ch05",30,6.79247787610619,30,1
"602","2008-07-29","ch05",65,6.45,30,1
"984","2008-07-29","ch05",5,7.19203539823009,5,1
"232","2008-08-20","ch05",30,7.15355285961872,30,1
"614","2008-08-20","ch05",65,6.8,30,1
"996","2008-08-20","ch05",5,7.56603119584056,5,1
"244","2008-09-17","ch05",30,7.78675958188153,30,1
"626","2008-09-17","ch05",65,7.4,30,1
"1008","2008-09-17","ch05",5,8.23797909407666,5,1
"256","2008-10-01","ch05",30,8.14263345195729,30,1
"638","2008-10-01","ch05",65,7.73,30,1
"1020","2008-10-01","ch05",5,8.62403914590747,5,1
"268","2008-10-14","ch05",30,8.46001697792869,30,1
"650","2008-10-14","ch05",65,8.05,30,1
"1032","2008-10-14","ch05",5,8.9383701188455,5,1
"280","2008-10-28","ch05",30,8.59870340356564,30,1
"662","2008-10-28","ch05",65,8.2,30,1
"1044","2008-10-28","ch05",5,9.06385737439222,5,1
"292","2008-11-11","ch05",30,8.81716981132075,30,1
"674","2008-11-11","ch05",65,8.42,30,1
"1056","2008-11-11","ch05",5,9.28053459119497,5,1
"304","2008-12-09","ch05",30,9.12234042553191,30,1
"686","2008-12-09","ch05",65,8.75,30,1
"1068","2008-12-09","ch05",5,9.55673758865248,5,1
"316","2008-12-23","ch05",30,9.27394957983193,30,1
"698","2008-12-23","ch05",65,8.9,30,1
"1080","2008-12-23","ch05",5,9.71022408963585,5,1
"328","2009-01-05","ch05",30,9.40817941952507,30,1
"710","2009-01-05","ch05",65,9.05,30,1
"1092","2009-01-05","ch05",5,9.82605540897098,5,1
"339","2009-01-20","ch05",30,9.46545454545454,30,1
"721","2009-01-20","ch05",65,9.12,30,1
"1103","2009-01-20","ch05",5,9.86848484848485,5,1
"351","2009-02-03","ch05",30,9.53212996389892,30,1
"733","2009-02-03","ch05",65,9.2,30,1
"1115","2009-02-03","ch05",5,9.91961492178099,5,1
"363","2009-02-17","ch05",30,9.53617539585871,30,1
"745","2009-02-17","ch05",65,9.2,30,1
"1127","2009-02-17","ch05",5,9.92838002436054,5,1
"375","2009-03-16","ch05",30,10.0348676639816,30,1
"757","2009-03-16","ch05",65,9.7,30,1
"1139","2009-03-16","ch05",5,10.4255466052934,5,1
"6","2008-01-16","ch06",30,2.26710515021459,30,1
"388","2008-01-16","ch06",65,2.0085,30,1
"770","2008-01-16","ch06",5,2.56881115879828,5,1
"17","2008-02-21","ch06",30,3.07184466019417,30,1
"399","2008-02-21","ch06",65,2.8,30,1
"781","2008-02-21","ch06",5,3.38899676375404,5,1
"29","2008-03-04","ch06",30,3.27950310559006,30,1
"411","2008-03-04","ch06",65,3,30,1
"793","2008-03-04","ch06",5,3.6055900621118,5,1
"41","2008-03-11","ch06",30,3.46264957264957,30,1
"423","2008-03-11","ch06",65,3.19,30,1
"805","2008-03-11","ch06",5,3.78074074074074,5,1
"53","2008-03-14","ch06",30,3.62876080691643,30,1
"435","2008-03-14","ch06",65,3.34,30,1
"817","2008-03-14","ch06",5,3.96564841498559,5,1
"65","2008-03-18","ch06",30,3.70901408450704,30,1
"447","2008-03-18","ch06",65,3.42,30,1
"829","2008-03-18","ch06",5,4.04619718309859,5,1
"77","2008-03-25","ch06",30,3.8988,30,1
"459","2008-03-25","ch06",65,3.61,30,1
"841","2008-03-25","ch06",5,4.23573333333333,5,1
"89","2008-03-31","ch06",30,3.751875,30,1
"471","2008-03-31","ch06",65,3.48,30,1
"853","2008-03-31","ch06",5,4.0690625,5,1
"101","2008-04-08","ch06",30,4.03409090909091,30,1
"483","2008-04-08","ch06",65,3.75,30,1
"865","2008-04-08","ch06",5,4.3655303030303,5,1
"113","2008-04-15","ch06",30,4.09951219512195,30,1
"495","2008-04-15","ch06",65,3.82,30,1
"877","2008-04-15","ch06",5,4.42560975609756,5,1
"125","2008-04-22","ch06",30,4.1975,30,1
"507","2008-04-22","ch06",65,3.91,30,1
"889","2008-04-22","ch06",5,4.53291666666667,5,1
"137","2008-04-29","ch06",30,4.45227166276347,30,1
"519","2008-04-29","ch06",65,4.16,30,1
"901","2008-04-29","ch06",5,4.79325526932084,5,1
"149","2008-05-06","ch06",30,4.29916666666667,30,1
"531","2008-05-06","ch06",65,4.02,30,1
"913","2008-05-06","ch06",5,4.62486111111111,5,1
"161","2008-05-20","ch06",30,4.48506787330317,30,1
"543","2008-05-20","ch06",65,4.2,30,1
"925","2008-05-20","ch06",5,4.81764705882353,5,1
"173","2008-06-02","ch06",30,4.65459459459459,30,1
"555","2008-06-02","ch06",65,4.36,30,1
"937","2008-06-02","ch06",5,4.99828828828829,5,1
"185","2008-06-16","ch06",30,4.71532293986637,30,1
"567","2008-06-16","ch06",65,4.42,30,1
"949","2008-06-16","ch06",5,5.05986636971047,5,1
"197","2008-07-01","ch06",30,4.78,30,1
"579","2008-07-01","ch06",65,4.48,30,1
"961","2008-07-01","ch06",5,5.13,5,1
"209","2008-07-16","ch06",30,5.01658940397351,30,1
"591","2008-07-16","ch06",65,4.705,30,1
"973","2008-07-16","ch06",5,5.38011037527594,5,1
"221","2008-07-29","ch06",30,4.94073825503356,30,1
"603","2008-07-29","ch06",65,4.63,30,1
"985","2008-07-29","ch06",5,5.30326621923937,5,1
"233","2008-08-20","ch06",30,5.04779220779221,30,1
"615","2008-08-20","ch06",65,4.74,30,1
"997","2008-08-20","ch06",5,5.40688311688312,5,1
"245","2008-09-17","ch06",30,5.45907284768212,30,1
"627","2008-09-17","ch06",65,5.12,30,1
"1009","2008-09-17","ch06",5,5.85465783664459,5,1
"257","2008-10-01","ch06",30,5.86830357142857,30,1
"639","2008-10-01","ch06",65,5.5,30,1
"1021","2008-10-01","ch06",5,6.29799107142857,5,1
"269","2008-10-14","ch06",30,6.13605749486653,30,1
"651","2008-10-14","ch06",65,5.78,30,1
"1033","2008-10-14","ch06",5,6.55145790554415,5,1
"281","2008-10-28","ch06",30,6.30276679841897,30,1
"663","2008-10-28","ch06",65,5.95,30,1
"1045","2008-10-28","ch06",5,6.71432806324111,5,1
"293","2008-11-11","ch06",30,6.457421875,30,1
"675","2008-11-11","ch06",65,6.1,30,1
"1057","2008-11-11","ch06",5,6.8744140625,5,1
"305","2008-12-09","ch06",30,6.76109324758842,30,1
"687","2008-12-09","ch06",65,6.45,30,1
"1069","2008-12-09","ch06",5,7.12403536977492,5,1
"317","2008-12-23","ch06",30,6.96367924528302,30,1
"699","2008-12-23","ch06",65,6.65,30,1
"1081","2008-12-23","ch06",5,7.32963836477987,5,1
"329","2009-01-05","ch06",30,7.1448350071736,30,1
"711","2009-01-05","ch06",65,6.85,30,1
"1093","2009-01-05","ch06",5,7.48880918220947,5,1
"340","2009-01-20","ch06",30,7.34092159559835,30,1
"722","2009-01-20","ch06",65,7.05,30,1
"1104","2009-01-20","ch06",5,7.68033012379642,5,1
"352","2009-02-03","ch06",30,7.70962343096234,30,1
"734","2009-02-03","ch06",65,7.4,30,1
"1116","2009-02-03","ch06",5,8.07085076708508,5,1
"364","2009-02-17","ch06",30,7.6890625,30,1
"746","2009-02-17","ch06",65,7.4,30,1
"1128","2009-02-17","ch06",5,8.02630208333333,5,1
"376","2009-03-16","ch06",30,8.09068322981367,30,1
"758","2009-03-16","ch06",65,7.8,30,1
"1140","2009-03-16","ch06",5,8.42981366459627,5,1
"7","2008-01-16","ch07",30,3.11899295774648,30,1
"389","2008-01-16","ch07",65,2.821,30,1
"771","2008-01-16","ch07",5,3.4666514084507,5,1
"18","2008-02-21","ch07",30,3.78,30,1
"400","2008-02-21","ch07",65,3.5,30,1
"782","2008-02-21","ch07",5,4.10666666666667,5,1
"30","2008-03-04","ch07",30,3.9775,30,1
"412","2008-03-04","ch07",65,3.7,30,1
"794","2008-03-04","ch07",5,4.30125,5,1
"42","2008-03-11","ch07",30,4.32273607748184,30,1
"424","2008-03-11","ch07",65,4.03,30,1
"806","2008-03-11","ch07",5,4.66426150121065,5,1
"54","2008-03-14","ch07",30,4.30990384615385,30,1
"436","2008-03-14","ch07",65,4.02,30,1
"818","2008-03-14","ch07",5,4.648125,5,1
"66","2008-03-18","ch07",30,4.38472222222222,30,1
"448","2008-03-18","ch07",65,4.1,30,1
"830","2008-03-18","ch07",5,4.71689814814815,5,1
"78","2008-03-25","ch07",30,4.53241379310345,30,1
"460","2008-03-25","ch07",65,4.24,30,1
"842","2008-03-25","ch07",5,4.8735632183908,5,1
"90","2008-03-31","ch07",30,4.56789237668161,30,1
"472","2008-03-31","ch07",65,4.28,30,1
"854","2008-03-31","ch07",5,4.9037668161435,5,1
"102","2008-04-08","ch07",30,4.71954248366013,30,1
"484","2008-04-08","ch07",65,4.43,30,1
"866","2008-04-08","ch07",5,5.05734204793028,5,1
"114","2008-04-15","ch07",30,4.82917197452229,30,1
"496","2008-04-15","ch07",65,4.54,30,1
"878","2008-04-15","ch07",5,5.16653927813164,5,1
"126","2008-04-22","ch07",30,5.00498956158664,30,1
"508","2008-04-22","ch07",65,4.71,30,1
"890","2008-04-22","ch07",5,5.34914405010438,5,1
"138","2008-04-29","ch07",30,5.09,30,1
"520","2008-04-29","ch07",65,4.79,30,1
"902","2008-04-29","ch07",5,5.44,5,1
"150","2008-05-06","ch07",30,5.03787878787879,30,1
"532","2008-05-06","ch07",65,4.75,30,1
"914","2008-05-06","ch07",5,5.37373737373737,5,1
"162","2008-05-20","ch07",30,5.29411764705882,30,1
"544","2008-05-20","ch07",65,5,30,1
"926","2008-05-20","ch07",5,5.63725490196078,5,1
"174","2008-06-02","ch07",30,5.41117878192534,30,1
"556","2008-06-02","ch07",65,5.11,30,1
"938","2008-06-02","ch07",5,5.76255402750491,5,1
"186","2008-06-16","ch07",30,5.71889763779528,30,1
"568","2008-06-16","ch07",65,5.4,30,1
"950","2008-06-16","ch07",5,6.09094488188976,5,1
"198","2008-07-01","ch07",30,5.87392996108949,30,1
"580","2008-07-01","ch07",65,5.55,30,1
"962","2008-07-01","ch07",5,6.25184824902724,5,1
"210","2008-07-16","ch07",30,6.07303370786517,30,1
"592","2008-07-16","ch07",65,5.75,30,1
"974","2008-07-16","ch07",5,6.4499063670412,5,1
"222","2008-07-29","ch07",30,6.1481954887218,30,1
"604","2008-07-29","ch07",65,5.82,30,1
"986","2008-07-29","ch07",5,6.53109022556391,5,1
"234","2008-08-20","ch07",30,6.4049715370019,30,1
"616","2008-08-20","ch07",65,6.06,30,1
"998","2008-08-20","ch07",5,6.80743833017078,5,1
"246","2008-09-17","ch07",30,7.05954545454545,30,1
"628","2008-09-17","ch07",65,6.68,30,1
"1010","2008-09-17","ch07",5,7.50234848484848,5,1
"258","2008-10-01","ch07",30,7.40076335877863,30,1
"640","2008-10-01","ch07",65,7,30,1
"1022","2008-10-01","ch07",5,7.86832061068702,5,1
"270","2008-10-14","ch07",30,7.71284436493739,30,1
"652","2008-10-14","ch07",65,7.32,30,1
"1034","2008-10-14","ch07",5,8.17116279069768,5,1
"282","2008-10-28","ch07",30,7.93651877133106,30,1
"664","2008-10-28","ch07",65,7.55,30,1
"1046","2008-10-28","ch07",5,8.38745733788396,5,1
"294","2008-11-11","ch07",30,8.16734693877551,30,1
"676","2008-11-11","ch07",65,7.8,30,1
"1058","2008-11-11","ch07",5,8.59591836734694,5,1
"306","2008-12-09","ch07",30,8.54626865671642,30,1
"688","2008-12-09","ch07",65,8.18,30,1
"1070","2008-12-09","ch07",5,8.97358208955224,5,1
"318","2008-12-23","ch07",30,8.63333333333333,30,1
"700","2008-12-23","ch07",65,8.3,30,1
"1082","2008-12-23","ch07",5,9.02222222222222,5,1
"330","2009-01-05","ch07",30,8.80868217054264,30,1
"712","2009-01-05","ch07",65,8.48,30,1
"1094","2009-01-05","ch07",5,9.19214470284238,5,1
"341","2009-01-20","ch07",30,8.79485148514851,30,1
"723","2009-01-20","ch07",65,8.48,30,1
"1105","2009-01-20","ch07",5,9.16217821782178,5,1
"353","2009-02-03","ch07",30,9.01598062953995,30,1
"735","2009-02-03","ch07",65,8.7,30,1
"1117","2009-02-03","ch07",5,9.38462469733656,5,1
"365","2009-02-17","ch07",30,9.01370192307692,30,1
"747","2009-02-17","ch07",65,8.7,30,1
"1129","2009-02-17","ch07",5,9.3796875,5,1
"377","2009-03-16","ch07",30,9.39673913043478,30,1
"759","2009-03-16","ch07",65,9.1,30,1
"1141","2009-03-16","ch07",5,9.74293478260869,5,1
"8","2008-01-16","ch08",30,3.56335632183908,30,1
"390","2008-01-16","ch08",65,3.196,30,1
"772","2008-01-16","ch08",5,3.99193869731801,5,1
"19","2008-02-21","ch08",30,4.45344827586207,30,1
"401","2008-02-21","ch08",65,4.1,30,1
"783","2008-02-21","ch08",5,4.86580459770115,5,1
"31","2008-03-04","ch08",30,4.97096774193548,30,1
"413","2008-03-04","ch08",65,4.6,30,1
"795","2008-03-04","ch08",5,5.40376344086021,5,1
"43","2008-03-11","ch08",30,5.14265625,30,1
"425","2008-03-11","ch08",65,4.77,30,1
"807","2008-03-11","ch08",5,5.577421875,5,1
"55","2008-03-14","ch08",30,5.33273195876289,30,1
"437","2008-03-14","ch08",65,4.95,30,1
"819","2008-03-14","ch08",5,5.77925257731959,5,1
"67","2008-03-18","ch08",30,5.6955223880597,30,1
"449","2008-03-18","ch08",65,5.3,30,1
"831","2008-03-18","ch08",5,6.15696517412935,5,1
"79","2008-03-25","ch08",30,5.63414634146341,30,1
"461","2008-03-25","ch08",65,5.25,30,1
"843","2008-03-25","ch08",5,6.08231707317073,5,1
"91","2008-03-31","ch08",30,5.86411214953271,30,1
"473","2008-03-31","ch08",65,5.48,30,1
"855","2008-03-31","ch08",5,6.31224299065421,5,1
"103","2008-04-08","ch08",30,6.09220183486238,30,1
"485","2008-04-08","ch08",65,5.7,30,1
"867","2008-04-08","ch08",5,6.54977064220183,5,1
"115","2008-04-15","ch08",30,6.28090909090909,30,1
"497","2008-04-15","ch08",65,5.88,30,1
"879","2008-04-15","ch08",5,6.74863636363636,5,1
"127","2008-04-22","ch08",30,6.39656108597285,30,1
"509","2008-04-22","ch08",65,5.99,30,1
"891","2008-04-22","ch08",5,6.87088235294118,5,1
"139","2008-04-29","ch08",30,6.63932584269663,30,1
"521","2008-04-29","ch08",65,6.22,30,1
"903","2008-04-29","ch08",5,7.1285393258427,5,1
"151","2008-05-06","ch08",30,6.61059602649007,30,1
"533","2008-05-06","ch08",65,6.2,30,1
"915","2008-05-06","ch08",5,7.08962472406181,5,1
"163","2008-05-20","ch08",30,6.82197802197802,30,1
"545","2008-05-20","ch08",65,6.4,30,1
"927","2008-05-20","ch08",5,7.31428571428571,5,1
"175","2008-06-02","ch08",30,7.0390243902439,30,1
"557","2008-06-02","ch08",65,6.6,30,1
"939","2008-06-02","ch08",5,7.55121951219512,5,1
"187","2008-06-16","ch08",30,7.35196506550218,30,1
"569","2008-06-16","ch08",65,6.9,30,1
"951","2008-06-16","ch08",5,7.8792576419214,5,1
"199","2008-07-01","ch08",30,7.47941964285714,30,1
"581","2008-07-01","ch08",65,7.01,30,1
"963","2008-07-01","ch08",5,8.02707589285714,5,1
"211","2008-07-16","ch08",30,7.8424358974359,30,1
"593","2008-07-16","ch08",65,7.37,30,1
"975","2008-07-16","ch08",5,8.39361111111111,5,1
"223","2008-07-29","ch08",30,7.68538461538462,30,1
"605","2008-07-29","ch08",65,7.21,30,1
"987","2008-07-29","ch08",5,8.24,5,1
"235","2008-08-20","ch08",30,8.17548387096774,30,1
"617","2008-08-20","ch08",65,7.68,30,1
"999","2008-08-20","ch08",5,8.75354838709677,5,1
"247","2008-09-17","ch08",30,8.62370689655172,30,1
"629","2008-09-17","ch08",65,8.1,30,1
"1011","2008-09-17","ch08",5,9.23469827586207,5,1
"259","2008-10-01","ch08",30,9.00592105263158,30,1
"641","2008-10-01","ch08",65,8.45,30,1
"1023","2008-10-01","ch08",5,9.65449561403509,5,1
"271","2008-10-14","ch08",30,9.3348347107438,30,1
"653","2008-10-14","ch08",65,8.79,30,1
"1035","2008-10-14","ch08",5,9.97047520661157,5,1
"283","2008-10-28","ch08",30,9.74988505747127,30,1
"665","2008-10-28","ch08",65,9.22,30,1
"1047","2008-10-28","ch08",5,10.3680842911877,5,1
"295","2008-11-11","ch08",30,9.79293286219081,30,1
"677","2008-11-11","ch08",65,9.3,30,1
"1059","2008-11-11","ch08",5,10.3680212014134,5,1
"307","2008-12-09","ch08",30,10.2421052631579,30,1
"689","2008-12-09","ch08",65,9.8,30,1
"1071","2008-12-09","ch08",5,10.7578947368421,5,1
"319","2008-12-23","ch08",30,10.4071041369472,30,1
"701","2008-12-23","ch08",65,9.98,30,1
"1083","2008-12-23","ch08",5,10.905392296719,5,1
"331","2009-01-05","ch08",30,10.7081902245707,30,1
"713","2009-01-05","ch08",65,10.3,30,1
"1095","2009-01-05","ch08",5,11.1844121532365,5,1
"342","2009-01-20","ch08",30,10.8020618556701,30,1
"724","2009-01-20","ch08",65,10.4,30,1
"1106","2009-01-20","ch08",5,11.2711340206186,5,1
"354","2009-02-03","ch08",30,11.10125,30,1
"736","2009-02-03","ch08",65,10.7,30,1
"1118","2009-02-03","ch08",5,11.569375,5,1
"366","2009-02-17","ch08",30,11.1516189290162,30,1
"748","2009-02-17","ch08",65,10.75,30,1
"1130","2009-02-17","ch08",5,11.6201743462017,5,1
"378","2009-03-16","ch08",30,11.467955801105,30,1
"760","2009-03-16","ch08",65,11.1,30,1
"1142","2009-03-16","ch08",5,11.8972375690608,5,1
"9","2008-01-16","ch09",30,3.75819230769231,30,1
"391","2008-01-16","ch09",65,3.4155,30,1
"773","2008-01-16","ch09",5,4.158,5,1
"20","2008-02-21","ch09",30,4.52642487046632,30,1
"402","2008-02-21","ch09",65,4.2,30,1
"784","2008-02-21","ch09",5,4.90725388601036,5,1
"32","2008-03-04","ch09",30,4.89382871536524,30,1
"414","2008-03-04","ch09",65,4.55,30,1
"796","2008-03-04","ch09",5,5.29496221662469,5,1
"44","2008-03-11","ch09",30,5.07696682464455,30,1
"426","2008-03-11","ch09",65,4.74,30,1
"808","2008-03-11","ch09",5,5.47009478672986,5,1
"56","2008-03-14","ch09",30,5.15241379310345,30,1
"438","2008-03-14","ch09",65,4.82,30,1
"820","2008-03-14","ch09",5,5.54022988505747,5,1
"68","2008-03-18","ch09",30,5.25168539325843,30,1
"450","2008-03-18","ch09",65,4.92,30,1
"832","2008-03-18","ch09",5,5.63865168539326,5,1
"80","2008-03-25","ch09",30,5.47090128755365,30,1
"462","2008-03-25","ch09",65,5.14,30,1
"844","2008-03-25","ch09",5,5.85695278969957,5,1
"92","2008-03-31","ch09",30,5.5596218487395,30,1
"474","2008-03-31","ch09",65,5.23,30,1
"856","2008-03-31","ch09",5,5.94418067226891,5,1
"104","2008-04-08","ch09",30,5.73987804878049,30,1
"486","2008-04-08","ch09",65,5.41,30,1
"868","2008-04-08","ch09",5,6.12473577235772,5,1
"116","2008-04-15","ch09",30,6.00029126213592,30,1
"498","2008-04-15","ch09",65,5.67,30,1
"880","2008-04-15","ch09",5,6.38563106796117,5,1
"128","2008-04-22","ch09",30,6.08977099236641,30,1
"510","2008-04-22","ch09",65,5.76,30,1
"892","2008-04-22","ch09",5,6.47450381679389,5,1
"140","2008-04-29","ch09",30,6.46511278195489,30,1
"522","2008-04-29","ch09",65,6.12,30,1
"904","2008-04-29","ch09",5,6.86774436090226,5,1
"152","2008-05-06","ch09",30,6.24468007312614,30,1
"534","2008-05-06","ch09",65,5.92,30,1
"916","2008-05-06","ch09",5,6.62347349177331,5,1
"164","2008-05-20","ch09",30,6.39989130434783,30,1
"546","2008-05-20","ch09",65,6.07,30,1
"928","2008-05-20","ch09",5,6.78476449275362,5,1
"176","2008-06-02","ch09",30,6.65108108108108,30,1
"558","2008-06-02","ch09",65,6.31,30,1
"940","2008-06-02","ch09",5,7.04900900900901,5,1
"188","2008-06-16","ch09",30,6.98773381294964,30,1
"570","2008-06-16","ch09",65,6.63,30,1
"952","2008-06-16","ch09",5,7.40508992805755,5,1
"200","2008-07-01","ch09",30,7.10171735241503,30,1
"582","2008-07-01","ch09",65,6.74,30,1
"964","2008-07-01","ch09",5,7.52372093023256,5,1
"212","2008-07-16","ch09",30,7.30193121693122,30,1
"594","2008-07-16","ch09",65,6.935,30,1
"976","2008-07-16","ch09",5,7.7300176366843,5,1
"224","2008-07-29","ch09",30,7.44509090909091,30,1
"606","2008-07-29","ch09",65,7.06,30,1
"988","2008-07-29","ch09",5,7.89436363636364,5,1
"236","2008-08-20","ch09",30,7.66582577132486,30,1
"618","2008-08-20","ch09",65,7.27,30,1
"1000","2008-08-20","ch09",5,8.1276225045372,5,1
"248","2008-09-17","ch09",30,8.42477876106195,30,1
"630","2008-09-17","ch09",65,8,30,1
"1012","2008-09-17","ch09",5,8.92035398230088,5,1
"260","2008-10-01","ch09",30,8.86215053763441,30,1
"642","2008-10-01","ch09",65,8.41,30,1
"1024","2008-10-01","ch09",5,9.38965949820788,5,1
"272","2008-10-14","ch09",30,9.27857885615251,30,1
"654","2008-10-14","ch09",65,8.82,30,1
"1036","2008-10-14","ch09",5,9.81358752166378,5,1
"284","2008-10-28","ch09",30,9.5572864321608,30,1
"666","2008-10-28","ch09",65,9.1,30,1
"1048","2008-10-28","ch09",5,10.0907872696817,5,1
"296","2008-11-11","ch09",30,9.8399375975039,30,1
"678","2008-11-11","ch09",65,9.4,30,1
"1060","2008-11-11","ch09",5,10.3531981279251,5,1
"308","2008-12-09","ch09",30,10.5023463687151,30,1
"690","2008-12-09","ch09",65,10.08,30,1
"1072","2008-12-09","ch09",5,10.9950837988827,5,1
"320","2008-12-23","ch09",30,10.7974262734584,30,1
"702","2008-12-23","ch09",65,10.38,30,1
"1084","2008-12-23","ch09",5,11.2844235924933,5,1
"332","2009-01-05","ch09",30,11.0311320754717,30,1
"714","2009-01-05","ch09",65,10.63,30,1
"1096","2009-01-05","ch09",5,11.4991194968553,5,1
"343","2009-01-20","ch09",30,11.1792592592593,30,1
"725","2009-01-20","ch09",65,10.78,30,1
"1107","2009-01-20","ch09",5,11.6450617283951,5,1
"355","2009-02-03","ch09",30,11.6014336917563,30,1
"737","2009-02-03","ch09",65,11.2,30,1
"1119","2009-02-03","ch09",5,12.0697729988053,5,1
"367","2009-02-17","ch09",30,11.4827586206897,30,1
"749","2009-02-17","ch09",65,11.1,30,1
"1131","2009-02-17","ch09",5,11.9293103448276,5,1
"379","2009-03-16","ch09",30,11.9790849673203,30,1
"761","2009-03-16","ch09",65,11.6,30,1
"1143","2009-03-16","ch09",5,12.4213507625272,5,1
"10","2008-01-16","ch10",30,2.52379487179487,30,1
"392","2008-01-16","ch10",65,2.237,30,1
"774","2008-01-16","ch10",5,2.85838888888889,5,1
"21","2008-02-21","ch10",30,3.16851851851852,30,1
"403","2008-02-21","ch10",65,2.9,30,1
"785","2008-02-21","ch10",5,3.48179012345679,5,1
"33","2008-03-04","ch10",30,3.26865671641791,30,1
"415","2008-03-04","ch10",65,3,30,1
"797","2008-03-04","ch10",5,3.58208955223881,5,1
"45","2008-03-11","ch10",30,3.3901108033241,30,1
"427","2008-03-11","ch10",65,3.13,30,1
"809","2008-03-11","ch10",5,3.69357340720222,5,1
"57","2008-03-14","ch10",30,3.46051560379919,30,1
"439","2008-03-14","ch10",65,3.2,30,1
"821","2008-03-14","ch10",5,3.76445047489824,5,1
"69","2008-03-18","ch10",30,3.56329787234043,30,1
"451","2008-03-18","ch10",65,3.3,30,1
"833","2008-03-18","ch10",5,3.87047872340426,5,1
"81","2008-03-25","ch10",30,3.62856777493606,30,1
"463","2008-03-25","ch10",65,3.37,30,1
"845","2008-03-25","ch10",5,3.93023017902813,5,1
"93","2008-03-31","ch10",30,3.8015763546798,30,1
"475","2008-03-31","ch10",65,3.54,30,1
"857","2008-03-31","ch10",5,4.10674876847291,5,1
"105","2008-04-08","ch10",30,3.95108490566038,30,1
"487","2008-04-08","ch10",65,3.69,30,1
"869","2008-04-08","ch10",5,4.25568396226415,5,1
"117","2008-04-15","ch10",30,4.13937354988399,30,1
"499","2008-04-15","ch10",65,3.87,30,1
"881","2008-04-15","ch10",5,4.45364269141531,5,1
"129","2008-04-22","ch10",30,4.27027027027027,30,1
"511","2008-04-22","ch10",65,4,30,1
"893","2008-04-22","ch10",5,4.58558558558559,5,1
"141","2008-04-29","ch10",30,4.50008849557522,30,1
"523","2008-04-29","ch10",65,4.22,30,1
"905","2008-04-29","ch10",5,4.82685840707965,5,1
"153","2008-05-06","ch10",30,4.41417218543046,30,1
"535","2008-05-06","ch10",65,4.14,30,1
"917","2008-05-06","ch10",5,4.73403973509934,5,1
"165","2008-05-20","ch10",30,4.66689956331878,30,1
"547","2008-05-20","ch10",65,4.38,30,1
"929","2008-05-20","ch10",5,5.00161572052402,5,1
"177","2008-06-02","ch10",30,4.8851768488746,30,1
"559","2008-06-02","ch10",65,4.59,30,1
"941","2008-06-02","ch10",5,5.2295498392283,5,1
"189","2008-06-16","ch10",30,5.02873684210526,30,1
"571","2008-06-16","ch10",65,4.73,30,1
"953","2008-06-16","ch10",5,5.37726315789474,5,1
"201","2008-07-01","ch10",30,5.17757894736842,30,1
"583","2008-07-01","ch10",65,4.87,30,1
"965","2008-07-01","ch10",5,5.53642105263158,5,1
"213","2008-07-16","ch10",30,5.4426652892562,30,1
"595","2008-07-16","ch10",65,5.125,30,1
"977","2008-07-16","ch10",5,5.81327479338843,5,1
"225","2008-07-29","ch10",30,5.46855670103093,30,1
"607","2008-07-29","ch10",65,5.15,30,1
"989","2008-07-29","ch10",5,5.84020618556701,5,1
"237","2008-08-20","ch10",30,5.72409090909091,30,1
"619","2008-08-20","ch10",65,5.39,30,1
"1001","2008-08-20","ch10",5,6.11386363636364,5,1
"249","2008-09-17","ch10",30,6.35066115702479,30,1
"631","2008-09-17","ch10",65,5.98,30,1
"1013","2008-09-17","ch10",5,6.78309917355372,5,1
"261","2008-10-01","ch10",30,6.78607438016529,30,1
"643","2008-10-01","ch10",65,6.39,30,1
"1025","2008-10-01","ch10",5,7.24816115702479,5,1
"273","2008-10-14","ch10",30,7.07970873786408,30,1
"655","2008-10-14","ch10",65,6.69,30,1
"1037","2008-10-14","ch10",5,7.53436893203884,5,1
"285","2008-10-28","ch10",30,7.35459749552773,30,1
"667","2008-10-28","ch10",65,6.98,30,1
"1049","2008-10-28","ch10",5,7.79162790697675,5,1
"297","2008-11-11","ch10",30,7.58851239669421,30,1
"679","2008-11-11","ch10",65,7.23,30,1
"1061","2008-11-11","ch10",5,8.00677685950413,5,1
"309","2008-12-09","ch10",30,7.99304932735426,30,1
"691","2008-12-09","ch10",65,7.65,30,1
"1073","2008-12-09","ch10",5,8.3932735426009,5,1
"321","2008-12-23","ch10",30,8.13863965267728,30,1
"703","2008-12-23","ch10",65,7.8,30,1
"1085","2008-12-23","ch10",5,8.53371924746744,5,1
"333","2009-01-05","ch10",30,8.20833333333333,30,1
"715","2009-01-05","ch10",65,7.88,30,1
"1097","2009-01-05","ch10",5,8.59138888888889,5,1
"344","2009-01-20","ch10",30,8.21940700808625,30,1
"726","2009-01-20","ch10",65,7.9,30,1
"1108","2009-01-20","ch10",5,8.59204851752022,5,1
"356","2009-02-03","ch10",30,8.36776315789474,30,1
"738","2009-02-03","ch10",65,8.05,30,1
"1120","2009-02-03","ch10",5,8.73848684210526,5,1
"368","2009-02-17","ch10",30,8.30769230769231,30,1
"750","2009-02-17","ch10",65,8,30,1
"1132","2009-02-17","ch10",5,8.66666666666667,5,1
"380","2009-03-16","ch10",30,8.81559405940594,30,1
"762","2009-03-16","ch10",65,8.5,30,1
"1144","2009-03-16","ch10",5,9.18378712871287,5,1
"11","2008-01-16","ch11",30,2.38292396313364,30,1
"393","2008-01-16","ch11",65,2.0935,30,1
"775","2008-01-16","ch11",5,2.72058525345622,5,1
"22","2008-02-21","ch11",30,3.38971962616822,30,1
"404","2008-02-21","ch11",65,3.1,30,1
"786","2008-02-21","ch11",5,3.72772585669782,5,1
"34","2008-03-04","ch11",30,3.68732394366197,30,1
"416","2008-03-04","ch11",65,3.4,30,1
"798","2008-03-04","ch11",5,4.02253521126761,5,1
"46","2008-03-11","ch11",30,3.86041775456919,30,1
"428","2008-03-11","ch11",65,3.58,30,1
"810","2008-03-11","ch11",5,4.18757180156658,5,1
"58","2008-03-14","ch11",30,3.95738693467337,30,1
"440","2008-03-14","ch11",65,3.68,30,1
"822","2008-03-14","ch11",5,4.28100502512563,5,1
"70","2008-03-18","ch11",30,4.03928571428571,30,1
"452","2008-03-18","ch11",65,3.77,30,1
"834","2008-03-18","ch11",5,4.35345238095238,5,1
"82","2008-03-25","ch11",30,4.18788154897494,30,1
"464","2008-03-25","ch11",65,3.92,30,1
"846","2008-03-25","ch11",5,4.50041002277904,5,1
"94","2008-03-31","ch11",30,4.36697516930023,30,1
"476","2008-03-31","ch11",65,4.09,30,1
"858","2008-03-31","ch11",5,4.69011286681716,5,1
"106","2008-04-08","ch11",30,4.53424892703863,30,1
"488","2008-04-08","ch11",65,4.26,30,1
"870","2008-04-08","ch11",5,4.85420600858369,5,1
"118","2008-04-15","ch11",30,4.69711598746081,30,1
"500","2008-04-15","ch11",65,4.42,30,1
"882","2008-04-15","ch11",5,5.02041797283177,5,1
"130","2008-04-22","ch11",30,4.8916700610998,30,1
"512","2008-04-22","ch11",65,4.61,30,1
"894","2008-04-22","ch11",5,5.22028513238289,5,1
"142","2008-04-29","ch11",30,5.06452380952381,30,1
"524","2008-04-29","ch11",65,4.78,30,1
"906","2008-04-29","ch11",5,5.39646825396825,5,1
"154","2008-05-06","ch11",30,5.06062622309198,30,1
"536","2008-05-06","ch11",65,4.78,30,1
"918","2008-05-06","ch11",5,5.38802348336595,5,1
"166","2008-05-20","ch11",30,5.31525519848771,30,1
"548","2008-05-20","ch11",65,5.03,30,1
"930","2008-05-20","ch11",5,5.64805293005671,5,1
"178","2008-06-02","ch11",30,5.49212996389892,30,1
"560","2008-06-02","ch11",65,5.21,30,1
"942","2008-06-02","ch11",5,5.82128158844765,5,1
"190","2008-06-16","ch11",30,5.73684210526316,30,1
"572","2008-06-16","ch11",65,5.45,30,1
"954","2008-06-16","ch11",5,6.07149122807018,5,1
"202","2008-07-01","ch11",30,5.95444816053512,30,1
"584","2008-07-01","ch11",65,5.67,30,1
"966","2008-07-01","ch11",5,6.28630434782609,5,1
"214","2008-07-16","ch11",30,6.22075707154742,30,1
"596","2008-07-16","ch11",65,5.925,30,1
"978","2008-07-16","ch11",5,6.56580698835274,5,1
"226","2008-07-29","ch11",30,6.23405940594059,30,1
"608","2008-07-29","ch11",65,5.94,30,1
"990","2008-07-29","ch11",5,6.57712871287129,5,1
"238","2008-08-20","ch11",30,6.23405940594059,30,1
"620","2008-08-20","ch11",65,5.94,30,1
"1002","2008-08-20","ch11",5,6.57712871287129,5,1
"250","2008-09-17","ch11",30,7.29068627450981,30,1
"632","2008-09-17","ch11",65,6.95,30,1
"1014","2008-09-17","ch11",5,7.68815359477124,5,1
"262","2008-10-01","ch11",30,7.66833333333333,30,1
"644","2008-10-01","ch11",65,7.31,30,1
"1026","2008-10-01","ch11",5,8.08638888888889,5,1
"274","2008-10-14","ch11",30,8.07931034482759,30,1
"656","2008-10-14","ch11",65,7.7,30,1
"1038","2008-10-14","ch11",5,8.52183908045977,5,1
"286","2008-10-28","ch11",30,8.26744186046512,30,1
"668","2008-10-28","ch11",65,7.9,30,1
"1050","2008-10-28","ch11",5,8.69612403100775,5,1
"298","2008-11-11","ch11",30,8.45578330893119,30,1
"680","2008-11-11","ch11",65,8.1,30,1
"1062","2008-11-11","ch11",5,8.87086383601757,5,1
"310","2008-12-09","ch11",30,9.08312182741117,30,1
"692","2008-12-09","ch11",65,8.75,30,1
"1074","2008-12-09","ch11",5,9.47176395939086,5,1
"322","2008-12-23","ch11",30,9.25472727272727,30,1
"704","2008-12-23","ch11",65,8.93,30,1
"1086","2008-12-23","ch11",5,9.63357575757576,5,1
"334","2009-01-05","ch11",30,9.56534090909091,30,1
"716","2009-01-05","ch11",65,9.25,30,1
"1098","2009-01-05","ch11",5,9.93323863636363,5,1
"345","2009-01-20","ch11",30,9.71649831649832,30,1
"727","2009-01-20","ch11",65,9.4,30,1
"1109","2009-01-20","ch11",5,10.085746352413,5,1
"357","2009-02-03","ch11",30,9.91805632247377,30,1
"739","2009-02-03","ch11",65,9.6,30,1
"1121","2009-02-03","ch11",5,10.2891220320265,5,1
"369","2009-02-17","ch11",30,9.91304347826087,30,1
"751","2009-02-17","ch11",65,9.6,30,1
"1133","2009-02-17","ch11",5,10.2782608695652,5,1
"381","2009-03-16","ch11",30,10.5326086956522,30,1
"763","2009-03-16","ch11",65,10.2,30,1
"1145","2009-03-16","ch11",5,10.920652173913,5,1
"12","2008-01-16","ch12",30,1.98911926605505,30,1
"394","2008-01-16","ch12",65,1.7485,30,1
"776","2008-01-16","ch12",5,2.26984174311927,5,1
"23","2008-02-21","ch12",30,2.99136690647482,30,1
"405","2008-02-21","ch12",65,2.7,30,1
"787","2008-02-21","ch12",5,3.33129496402878,5,1
"35","2008-03-04","ch12",30,3.25412371134021,30,1
"417","2008-03-04","ch12",65,2.95,30,1
"799","2008-03-04","ch12",5,3.60893470790378,5,1
"47","2008-03-11","ch12",30,3.37806451612903,30,1
"429","2008-03-11","ch12",65,3.08,30,1
"811","2008-03-11","ch12",5,3.7258064516129,5,1
"59","2008-03-14","ch12",30,3.44289389067524,30,1
"441","2008-03-14","ch12",65,3.14,30,1
"823","2008-03-14","ch12",5,3.79627009646302,5,1
"71","2008-03-18","ch12",30,3.57277777777778,30,1
"453","2008-03-18","ch12",65,3.27,30,1
"835","2008-03-18","ch12",5,3.92601851851852,5,1
"83","2008-03-25","ch12",30,3.72535714285714,30,1
"465","2008-03-25","ch12",65,3.42,30,1
"847","2008-03-25","ch12",5,4.08160714285714,5,1
"95","2008-03-31","ch12",30,3.89859598853868,30,1
"477","2008-03-31","ch12",65,3.59,30,1
"859","2008-03-31","ch12",5,4.25862464183381,5,1
"107","2008-04-08","ch12",30,3.97164383561644,30,1
"489","2008-04-08","ch12",65,3.67,30,1
"871","2008-04-08","ch12",5,4.32356164383562,5,1
"119","2008-04-15","ch12",30,4.11725806451613,30,1
"501","2008-04-15","ch12",65,3.81,30,1
"883","2008-04-15","ch12",5,4.47572580645161,5,1
"131","2008-04-22","ch12",30,4.21546875,30,1
"513","2008-04-22","ch12",65,3.91,30,1
"895","2008-04-22","ch12",5,4.57184895833333,5,1
"143","2008-04-29","ch12",30,4.33920716112532,30,1
"525","2008-04-29","ch12",65,4.03,30,1
"907","2008-04-29","ch12",5,4.69994884910486,5,1
"155","2008-05-06","ch12",30,4.39224489795918,30,1
"537","2008-05-06","ch12",65,4.08,30,1
"919","2008-05-06","ch12",5,4.7565306122449,5,1
"167","2008-05-20","ch12",30,4.59470588235294,30,1
"549","2008-05-20","ch12",65,4.28,30,1
"931","2008-05-20","ch12",5,4.96186274509804,5,1
"179","2008-06-02","ch12",30,4.77216957605985,30,1
"561","2008-06-02","ch12",65,4.44,30,1
"943","2008-06-02","ch12",5,5.15970074812968,5,1
"191","2008-06-16","ch12",30,4.99615384615385,30,1
"573","2008-06-16","ch12",65,4.65,30,1
"955","2008-06-16","ch12",5,5.4,5,1
"203","2008-07-01","ch12",30,5.10829268292683,30,1
"585","2008-07-01","ch12",65,4.76,30,1
"967","2008-07-01","ch12",5,5.51463414634146,5,1
"215","2008-07-16","ch12",30,5.32116504854369,30,1
"597","2008-07-16","ch12",65,4.96,30,1
"979","2008-07-16","ch12",5,5.74252427184466,5,1
"227","2008-07-29","ch12",30,5.34528117359413,30,1
"609","2008-07-29","ch12",65,4.98,30,1
"991","2008-07-29","ch12",5,5.77144254278729,5,1
"239","2008-08-20","ch12",30,5.69948655256724,30,1
"621","2008-08-20","ch12",65,5.31,30,1
"1003","2008-08-20","ch12",5,6.15388753056235,5,1
"251","2008-09-17","ch12",30,6.4390243902439,30,1
"633","2008-09-17","ch12",65,6,30,1
"1015","2008-09-17","ch12",5,6.95121951219512,5,1
"263","2008-10-01","ch12",30,6.70509708737864,30,1
"645","2008-10-01","ch12",65,6.25,30,1
"1027","2008-10-01","ch12",5,7.23604368932039,5,1
"275","2008-10-14","ch12",30,6.94419134396355,30,1
"657","2008-10-14","ch12",65,6.5,30,1
"1039","2008-10-14","ch12",5,7.4624145785877,5,1
"287","2008-10-28","ch12",30,7.12675159235669,30,1
"669","2008-10-28","ch12",65,6.7,30,1
"1051","2008-10-28","ch12",5,7.62462845010616,5,1
"299","2008-11-11","ch12",30,7.26265060240964,30,1
"681","2008-11-11","ch12",65,6.85,30,1
"1063","2008-11-11","ch12",5,7.74407630522088,5,1
"311","2008-12-09","ch12",30,7.73082901554404,30,1
"693","2008-12-09","ch12",65,7.35,30,1
"1075","2008-12-09","ch12",5,8.17512953367876,5,1
"323","2008-12-23","ch12",30,8.02871287128713,30,1
"705","2008-12-23","ch12",65,7.65,30,1
"1087","2008-12-23","ch12",5,8.47054455445545,5,1
"346","2009-01-20","ch12",30,8.31692307692308,30,1
"728","2009-01-20","ch12",65,7.95,30,1
"1110","2009-01-20","ch12",5,8.745,5,1
"358","2009-02-03","ch12",30,8.35502958579882,30,1
"740","2009-02-03","ch12",65,8,30,1
"1122","2009-02-03","ch12",5,8.76923076923077,5,1
"370","2009-02-17","ch12",30,8.44615384615385,30,1
"752","2009-02-17","ch12",65,8.1,30,1
"1134","2009-02-17","ch12",5,8.85,5,1
"382","2009-03-16","ch12",30,9.15918367346939,30,1
"764","2009-03-16","ch12",65,8.8,30,1
"1146","2009-03-16","ch12",5,9.57823129251701,5,1
