"Date","chamber","stemnumber","branchnumber","diameter","length","noexpleaves","heightfloor"
2008-04-15,"ch01","1","1",3.25,37,17,15
2008-04-15,"ch02","1","1",5.53,70,54,7
2008-04-15,"ch03","1","1",4.49,47,46,10
2008-04-15,"ch04","1","1",12.45,125,336,12
2008-04-15,"ch05","1","1",4.22,41,8,11
2008-04-15,"ch06","1","1",3.82,45,14,9
2008-04-15,"ch07","1","1",4.02,47,20,4
2008-04-15,"ch08","1","1",2.61,48,21,15
2008-04-15,"ch09","1","1",3.035,50,6,6
2008-04-15,"ch10","1","1",3.84,79,46,9
2008-04-15,"ch11","1","1",2.54,22,11,9
2008-04-15,"ch12","1","1",3.85,55,2,10
2008-04-15,"ch01","1.1","1",13.25,137,337,208
2008-04-15,"ch03","1.1","1",2.635,28,8,46
2008-04-15,"ch05","1.1","1",4.99,80,25,177
2008-04-15,"ch08","1.1","1",6.025,92,123,58
2008-04-15,"ch10","1.1","1",5.2,62,76,87.5
2008-04-15,"ch11","1.1","1",6.825,107,345,81
2008-04-15,"ch04","1.1.1","1",5.92,65,25,72
2008-04-15,"ch04","1.1.2","1",5.84,52,23,72
2008-04-15,"ch01","1.2","1",2.63,48,17,208
2008-04-15,"ch03","1.2","1",2.43,55,19,42
2008-04-15,"ch04","1.2","1",2.72,39,10,47
2008-04-15,"ch08","1.2","1",4.14,54,47,42
2008-04-15,"ch10","1.2","1",3.81,58,33,100
2008-04-15,"ch11","1.2","1",5.645,82,218,74
2008-04-15,"ch04","1.2.1","1",1.93,30,10,82
2008-04-15,"ch05","1.2.1","1",11.88,160,324,177
2008-04-15,"ch04","1.2.2","1",9.93,100,103,86
2008-04-15,"ch05","1.2.2","1",3.05,41,11,192
2008-04-15,"ch01","1","2",3.39,42,16,17
2008-04-15,"ch02","1","2",7.47,18,66,9
2008-04-15,"ch03","1","2",3.145,43,11,12
2008-04-15,"ch04","1","2",7.03,64,15,19
2008-04-15,"ch06","1","2",3.3,48,30,13
2008-04-15,"ch07","1","2",4.22,47,16,7
2008-04-15,"ch08","1","2",3.58,64,17,15
2008-04-15,"ch09","1","2",4.16,80,24,8
2008-04-15,"ch10","1","2",4.88,61,54,13
2008-04-15,"ch11","1","2",1.565,10,6,10
2008-04-15,"ch12","1","2",2.81,53,4,11
2008-04-15,"ch01","1.1","2",2.77,56,24,214
2008-04-15,"ch03","1.1","2",2.03,30,10,50.5
2008-04-15,"ch05","1.1","2",5.39,97,63,180
2008-04-15,"ch08","1.1","2",4.505,79,79,62
2008-04-15,"ch10","1.1","2",7.35,95,146,110.5
2008-04-15,"ch11","1.1","2",2.295,57,12,81
2008-04-15,"ch04","1.1.1","2",3.5,55,18,73
2008-04-15,"ch04","1.1.2","2",4.78,53,16,78
2008-04-15,"ch01","1.2","2",3.09,53,19,220
2008-04-15,"ch03","1.2","2",11.79,116,343,45
2008-04-15,"ch04","1.2","2",4.81,64,33,57
2008-04-15,"ch08","1.2","2",2.765,77,22,46
2008-04-15,"ch10","1.2","2",4.73,72,57,109
2008-04-15,"ch11","1.2","2",3.995,54,67,84
2008-04-15,"ch04","1.2.1","2",6.62,65,13,83
2008-04-15,"ch05","1.2.1","2",7.13,93,58,179
2008-04-15,"ch04","1.2.2","2",3.44,40,20,92
2008-04-15,"ch05","1.2.2","2",,,16,
2008-04-15,"ch01","1","3",4.54,57,12,16
2008-04-15,"ch02","1","3",5.57,80.5,119,12
2008-04-15,"ch03","1","3",3.595,52,37,17.5
2008-04-15,"ch04","1","3",6.72,100,13,23
2008-04-15,"ch05","1","3",,,4,
2008-04-15,"ch07","1","3",4.54,39,28,7
2008-04-15,"ch08","1","3",4.19,45,24,18
2008-04-15,"ch09","1","3",5.015,81,62,8
2008-04-15,"ch10","1","3",6.32,73,89,13.5
2008-04-15,"ch11","1","3",1.165,11,2,11.5
2008-04-15,"ch12","1","3",4.155,27,67,14
2008-04-15,"ch01","1.1","3",3.19,74,27,217
2008-04-15,"ch03","1.1","3",3.19,62,35,57.5
2008-04-15,"ch05","1.1","3",5.2,70,23,183
2008-04-15,"ch08","1.1","3",6.47,87,136,66
2008-04-15,"ch10","1.1","3",4.1,67,47,124.5
2008-04-15,"ch11","1.1","3",2.255,46,20,86
2008-04-15,"ch04","1.1.1","3",4.11,40,15,75
2008-04-15,"ch04","1.1.2","3",16.3,125,216,80
2008-04-15,"ch01","1.2","3",6.21,89,64,221
2008-04-15,"ch03","1.2","3",10.35,101,175,64
2008-04-15,"ch04","1.2","3",8.85,92,62,65
2008-04-15,"ch08","1.2","3",6.005,104,142,54
2008-04-15,"ch10","1.2","3",4.36,77,72,116
2008-04-15,"ch11","1.2","3",2.785,49,19,91
2008-04-15,"ch04","1.2.1","3",3.45,40,44,83
2008-04-15,"ch05","1.2.1","3",5.39,80,24,183
2008-04-15,"ch04","1.2.2","3",2.88,68,12,92
2008-04-15,"ch05","1.2.2","3",,,13,
2008-04-15,"ch01","1","4",3.2,40,57,17
2008-04-15,"ch02","1","4",5.495,80.5,123,15
2008-04-15,"ch03","1","4",6.045,86,159,18.5
2008-04-15,"ch05","1","4",4.34,74,10,14
2008-04-15,"ch07","1","4",4.61,84,24,11
2008-04-15,"ch08","1","4",3.555,69,30,19
2008-04-15,"ch09","1","4",9.175,106,82,13
2008-04-15,"ch10","1","4",4.47,67,33,16.5
2008-04-15,"ch11","1","4",1.665,13,7,12
2008-04-15,"ch12","1","4",2.66,33,6,14.5
2008-04-15,"ch01","1.1","4",3.22,64,27,228
2008-04-15,"ch03","1.1","4",3.51,40,26,67.5
2008-04-15,"ch05","1.1","4",5.27,78,34,190
2008-04-15,"ch08","1.1","4",5.975,87,86,71
2008-04-15,"ch10","1.1","4",6.5,78,78,130.5
2008-04-15,"ch11","1.1","4",2.97,66,55,90
2008-04-15,"ch04","1.1.1","4",1.48,9,1,
2008-04-15,"ch04","1.1.2","4",4.77,48,12,87
2008-04-15,"ch01","1.2","4",1.95,32,30,224
2008-04-15,"ch03","1.2","4",2.97,26,7,55
2008-04-15,"ch08","1.2","4",7.97,120,145,61
2008-04-15,"ch10","1.2","4",5.27,81,74,121
2008-04-15,"ch11","1.2","4",1.99,48,20,94
2008-04-15,"ch04","1.2.1","4",3.75,64,20,84
2008-04-15,"ch05","1.2.1","4",4.85,83,21,186
2008-04-15,"ch04","1.2.2","4",3.05,37,8,93
2008-04-15,"ch05","1.2.2","4",3.31,50,13,193
2008-04-15,"ch01","1","5",4.09,42,22,21
2008-04-15,"ch02","1","5",6.745,20,45,18
2008-04-15,"ch03","1","5",6.515,60,43,23.5
2008-04-15,"ch04","1","5",4.55,66,150,28
2008-04-15,"ch06","1","5",4.3,63,35,18
2008-04-15,"ch07","1","5",5.62,56,32,11
2008-04-15,"ch08","1","5",6.97,84,86,20
2008-04-15,"ch09","1","5",4.435,88,35,13
2008-04-15,"ch10","1","5",6.39,88,96,18.5
2008-04-15,"ch11","1","5",3.895,73,43,14
2008-04-15,"ch12","1","5",1.44,57,3,15.5
2008-04-15,"ch01","1.1","5",5.54,78,79,229
2008-04-15,"ch03","1.1","5",3.61,40,22,72.5
2008-04-15,"ch05","1.1","5",7.19,98,44,202
2008-04-15,"ch08","1.1","5",7.995,99,140,77
2008-04-15,"ch10","1.1","5",3.76,56,36,131.5
2008-04-15,"ch11","1.1","5",1.795,58,23,94
2008-04-15,"ch04","1.1.1","5",7.35,85,49,80
2008-04-15,"ch04","1.1.2","5",3.93,48,13,90
2008-04-15,"ch01","1.2","5",3.71,77,28,227
2008-04-15,"ch03","1.2","5",10.725,110,208,59
2008-04-15,"ch08","1.2","5",3.48,57,32,65
2008-04-15,"ch10","1.2","5",5.45,63,68,127
2008-04-15,"ch11","1.2","5",3.155,60,50,98
2008-04-15,"ch04","1.2.1","5",4.37,75,21,85
2008-04-15,"ch05","1.2.1","5",7.27,107,59,186
2008-04-15,"ch04","1.2.2","5",4.83,60,29,100
2008-04-15,"ch05","1.2.2","5",4.21,67,18,193
2008-04-15,"ch01","1","6",3.15,76,86,22
2008-04-15,"ch02","1","6",5.875,90,57,20.1
2008-04-15,"ch03","1","6",5.32,79,56,25
2008-04-15,"ch04","1","6",7.59,80,23,36
2008-04-15,"ch05","1","6",5.85,62,7,25
2008-04-15,"ch06","1","6",3.93,73,4,22
2008-04-15,"ch07","1","6",3.03,45,5,13
2008-04-15,"ch08","1","6",19.53,220,882,26
2008-04-15,"ch09","1","6",5.585,79,70,17
2008-04-15,"ch10","1","6",5.18,64,59,21.5
2008-04-15,"ch11","1","6",2.705,45,26,17
2008-04-15,"ch12","1","6",4.12,71,42,16
2008-04-15,"ch01","1.1","6",4.9,75,36,234
2008-04-15,"ch03","1.1","6",4.545,84,57,80.5
2008-04-15,"ch05","1.1","6",7.14,68,96,211
2008-04-15,"ch08","1.1","6",4.5955,89,69,84
2008-04-15,"ch10","1.1","6",5.25,81,72,136.5
2008-04-15,"ch11","1.1","6",2.335,50,24,97
2008-04-15,"ch04","1.1.1","6",10.77,130,147,88
2008-04-15,"ch04","1.1.2","6",4.85,52,17,96
2008-04-15,"ch01","1.2","6",4.78,70,22,231
2008-04-15,"ch03","1.2","6",5.12,92,49,61
2008-04-15,"ch08","1.2","6",6.185,108,133,70
2008-04-15,"ch10","1.2","6",5.15,70.5,57,133
2008-04-15,"ch11","1.2","6",2.24,51,31,102
2008-04-15,"ch04","1.2.1","6",3.56,71,32,86
2008-04-15,"ch05","1.2.1","6",3.24,41,11,201
2008-04-15,"ch04","1.2.2","6",2.81,32,10,102
2008-04-15,"ch05","1.2.2","6",4.32,95,32,203
2008-04-15,"ch01","1","7",4.67,64,54,24
2008-04-15,"ch02","1","7",6.325,90.2,108,25
2008-04-15,"ch03","1","7",3.2,50,12,28.5
2008-04-15,"ch04","1","7",8,83,75,38
2008-04-15,"ch05","1","7",3.376,48,18,30
2008-04-15,"ch06","1","7",4.95,65,42,22
2008-04-15,"ch07","1","7",9.22,125,106,19
2008-04-15,"ch08","1","7",5.025,61,29,28
2008-04-15,"ch09","1","7",16.875,87,551,21
2008-04-15,"ch10","1","7",10.64,126,313,31.5
2008-04-15,"ch11","1","7",4.32,68,129,18
2008-04-15,"ch12","1","7",7.395,90,155,18
2008-04-15,"ch01","1.1","7",7.55,90,99,238
2008-04-15,"ch03","1.1","7",4.67,66,27,90.5
2008-04-15,"ch05","1.1","7",8.65,109,62,220
2008-04-15,"ch08","1.1","7",4.835,78,43,90
2008-04-15,"ch10","1.1","7",5.05,73,49,140.5
2008-04-15,"ch11","1.1","7",3.7,80,78,103
2008-04-15,"ch04","1.1.1","7",7.72,80,75,90
2008-04-15,"ch04","1.1.2","7",3.45,25,16,
2008-04-15,"ch01","1.2","7",5.81,88,86,237
2008-04-15,"ch03","1.2","7",12.555,108,373,72
2008-04-15,"ch08","1.2","7",2.795,62,19,77
2008-04-15,"ch10","1.2","7",4.32,63,56,137
2008-04-15,"ch11","1.2","7",3.14,53,33,102
2008-04-15,"ch04","1.2.1","7",6.34,86,35,87
2008-04-15,"ch05","1.2.1","7",2.8,68,15,206
2008-04-15,"ch04","1.2.2","7",4.23,60,15,109
2008-04-15,"ch05","1.2.2","7",4.91,96,21,210
2008-04-15,"ch01","1","8",5.61,44,44,25
2008-04-15,"ch02","1","8",6.185,74,128,34
2008-04-15,"ch03","1","8",9.485,117,382,31
2008-04-15,"ch04","1","8",,,113,
2008-04-15,"ch05","1","8",5.18,90,13,34
2008-04-15,"ch06","1","8",4.88,70,48,22.5
2008-04-15,"ch07","1","8",5.8,60,46,24
2008-04-15,"ch08","1","8",4.685,63,39,29
2008-04-15,"ch09","1","8",6.99,120,60,21
2008-04-15,"ch10","1","8",5.85,81,68,36.5
2008-04-15,"ch11","1","8",2.21,30,23,20
2008-04-15,"ch12","1","8",2.965,47,50,19
2008-04-15,"ch01","1.1","8",5.86,85,88,240
2008-04-15,"ch03","1.1","8",3.105,27,12,98.5
2008-04-15,"ch05","1.1","8",5.85,78,37,230
2008-04-15,"ch08","1.1","8",4.95,91,72,96
2008-04-15,"ch10","1.1","8",5.4,71,44,147.5
2008-04-15,"ch11","1.1","8",4.93,90,129,103
2008-04-15,"ch04","1.1.1","8",8.12,90,95,94
2008-04-15,"ch04","1.1.2","8",2.5,16,7,102
2008-04-15,"ch01","1.2","8",3.82,66,22,243
2008-04-15,"ch03","1.2","8",3.94,69,48,71.5
2008-04-15,"ch08","1.2","8",2.755,63,14,83
2008-04-15,"ch10","1.2","8",4.98,67,48,144
2008-04-15,"ch11","1.2","8",3.825,69,86,107
2008-04-15,"ch04","1.2.1","8",5.55,99,25,90
2008-04-15,"ch05","1.2.1","8",5.03,95,30,209
2008-04-15,"ch04","1.2.2","8",4.13,45,14,110
2008-04-15,"ch05","1.2.2","8",5.6,70,38,220
2008-04-15,"ch01","1","9",4.24,45,22,29
2008-04-15,"ch02","1","9",7.045,98,157,36
2008-04-15,"ch03","1","9",8.58,99,222,36.5
2008-04-15,"ch04","1","9",,,107,
2008-04-15,"ch05","1","9",5.68,66,44,41
2008-04-15,"ch06","1","9",7,68,124,24.5
2008-04-15,"ch07","1","9",5.06,56,36,31
2008-04-15,"ch08","1","9",6.18,61,56,31
2008-04-15,"ch09","1","9",5.17,76,64,24
2008-04-15,"ch10","1","9",3.54,60,23,40.5
2008-04-15,"ch11","1","9",10.5,126,406,22
2008-04-15,"ch12","1","9",6.565,63,116,23
2008-04-15,"ch01","1.1","9",7.56,113,166,242
2008-04-15,"ch03","1.1","9",6.185,77.5,87,107.5
2008-04-15,"ch05","1.1","9",5.31,82,19,238
2008-04-15,"ch08","1.1","9",9.375,100,125,104
2008-04-15,"ch10","1.1","9",7.36,98,104,151.5
2008-04-15,"ch11","1.1","9",3.37,63,46,111
2008-04-15,"ch04","1.1.1","9",3,44,13,102
2008-04-15,"ch04","1.1.2","9",3.74,50,16,108
2008-04-15,"ch01","1.2","9",5.52,112,106,248
2008-04-15,"ch03","1.2","9",3.24,44,15,75
2008-04-15,"ch08","1.2","9",6.565,112,116,93
2008-04-15,"ch10","1.2","9",5.21,73,75,149
2008-04-15,"ch11","1.2","9",3.51,23,37,111
2008-04-15,"ch04","1.2.1","9",5.16,86,27,93
2008-04-15,"ch05","1.2.1","9",7.6,69,69,213
2008-04-15,"ch04","1.2.2","9",4.22,50,13,115
2008-04-15,"ch05","1.2.2","9",4.27,70,30,224
2008-04-15,"ch01","1","10",6.96,82,98,30
2008-04-15,"ch02","1","10",7.545,47,215,47
2008-04-15,"ch05","1","10",7.09,108,81,47
2008-04-15,"ch06","1","10",5.28,70,57,24.5
2008-04-15,"ch07","1","10",10.53,147,311,33
2008-04-15,"ch09","1","10",9.13,109,156,28
2008-04-15,"ch10","1","10",2.1,15,2,48.5
2008-04-15,"ch11","1","10",4.36,51,159,24
2008-04-15,"ch12","1","10",9.97,78,217,23.2
2008-04-15,"ch01","1.1","10",5.76,84,82,246
2008-04-15,"ch05","1.1","10",5.75,89,34,249
2008-04-15,"ch08","1.1","10",6.065,92,69,112
2008-04-15,"ch10","1.1","10",7.08,111,82,156
2008-04-15,"ch11","1.1","10",4.68,77,113,116
2008-04-15,"ch04","1.1.1","10",6.95,46,36,106
2008-04-15,"ch04","1.1.2","10",2.88,26,9,109
2008-04-15,"ch01","1.2","10",3.45,70,25,255
2008-04-15,"ch03","1.2","10",2.97,30,5,77
2008-04-15,"ch08","1.2","10",3.495,64,31,96
2008-04-15,"ch10","1.2","10",5.06,79,54,154
2008-04-15,"ch11","1.2","10",5.7,87,43,121
2008-04-15,"ch04","1.2.1","10",5.43,76,39,97
2008-04-15,"ch05","1.2.1","10",8.13,112,59,227
2008-04-15,"ch04","1.2.2","10",3.2,40,10,122
2008-04-15,"ch05","1.2.2","10",5.29,39,8,233
2008-04-15,"ch01","1","11",6.65,111,102,37
2008-04-15,"ch02","1","11",6.93,100,183,54
2008-04-15,"ch05","1","11",8.53,110,102,57
2008-04-15,"ch06","1","11",7.4,60,134,27.5
2008-04-15,"ch07","1","11",4.07,53,25,39
2008-04-15,"ch09","1","11",6.275,76,86,30
2008-04-15,"ch10","1","11",12.32,153,606,52.5
2008-04-15,"ch11","1","11",6.415,91,318,29
2008-04-15,"ch12","1","11",8.885,70,181,26.2
2008-04-15,"ch01","1.1","11",7.72,104,193,253
2008-04-15,"ch03","1.1","11",4.105,57,41,121.5
2008-04-15,"ch05","1.1","11",6.86,85,37,252
2008-04-15,"ch08","1.1","11",8.085,94,113,123
2008-04-15,"ch10","1.1","11",3.85,72,27,159.5
2008-04-15,"ch11","1.1","11",5.735,35,136,127
2008-04-15,"ch04","1.1.1","11",5.1,50,25,112
2008-04-15,"ch04","1.1.2","11",2.64,8,1,
2008-04-15,"ch01","1.2","11",8.35,137,214,260
2008-04-15,"ch03","1.2","11",4.29,70,32,95
2008-04-15,"ch08","1.2","11",8.29,147,186,106
2008-04-15,"ch10","1.2","11",4.84,66.5,41,158.5
2008-04-15,"ch11","1.2","11",4.895,53,99,124
2008-04-15,"ch04","1.2.1","11",3.83,76,20,102
2008-04-15,"ch05","1.2.1","11",11.19,118,93,240
2008-04-15,"ch04","1.2.2","11",2.7,40,9,126
2008-04-15,"ch05","1.2.2","11",4.45,86,43,242
2008-04-15,"ch01","1","12",7.19,96,117,42
2008-04-15,"ch02","1","12",7.385,92,135,67
2008-04-15,"ch05","1","12",10.92,145,171,62
2008-04-15,"ch06","1","12",4.58,88,49,27.5
2008-04-15,"ch07","1","12",3.45,47,14,42
2008-04-15,"ch09","1","12",6.385,83,78,36
2008-04-15,"ch10","1","12",6.9,81,159,60
2008-04-15,"ch11","1","12",7.435,84,278,30
2008-04-15,"ch12","1","12",9.19,69,346,30.2
2008-04-15,"ch01","1.1","12",7.6,105,170,261
2008-04-15,"ch03","1.1","12",2.61,29,8,127
2008-04-15,"ch05","1.1","12",8.04,102,79,262
2008-04-15,"ch08","1.1","12",8.735,111,186,131
2008-04-15,"ch10","1.1","12",5.05,79,30,170
2008-04-15,"ch11","1.1","12",6,102,142,127
2008-04-15,"ch04","1.1.1","12",4.61,60,19,116
2008-04-15,"ch04","1.1.2","12",4.8,70,46,115
2008-04-15,"ch01","1.2","12",8.45,113,147,268
2008-04-15,"ch03","1.2","12",10.615,88,271,89.5
2008-04-15,"ch08","1.2","12",7.04,101,137,112
2008-04-15,"ch10","1.2","12",4.19,70,20,165.5
2008-04-15,"ch11","1.2","12",4.84,57,100,136
2008-04-15,"ch04","1.2.1","12",2.64,35,18,107
2008-04-15,"ch05","1.2.1","12",6.18,74,20,244
2008-04-15,"ch04","1.2.2","12",3.33,60,17,134
2008-04-15,"ch05","1.2.2","12",4.06,67,29,250
2008-04-15,"ch01","1","13",3,42,30,31
2008-04-15,"ch02","1","13",6.725,85,72,70
2008-04-15,"ch05","1","13",7.22,118,82,72
2008-04-15,"ch06","1","13",5.89,68,62,31.5
2008-04-15,"ch07","1","13",6.42,90,155,48
2008-04-15,"ch09","1","13",4.655,57,100,36.5
2008-04-15,"ch10","1","13",11.7,123,395,62.5
2008-04-15,"ch12","1","13",4.315,56,111,35.2
2008-04-15,"ch01","1.1","13",8.69,101,346,265
2008-04-15,"ch03","1.1","13",3.135,37,19,138
2008-04-15,"ch05","1.1","13",6.61,83,34,269
2008-04-15,"ch08","1.1","13",16.265,196,438,140
2008-04-15,"ch10","1.1","13",5.53,83,34,174.5
2008-04-15,"ch11","1.1","13",5.745,100,147,140
2008-04-15,"ch04","1.1.1","13",6.01,38,10,118
2008-04-15,"ch04","1.1.2","13",4.52,49,15,129
2008-04-15,"ch01","1.2","13",6.61,81,121,274
2008-04-15,"ch03","1.2","13",5.245,57,52,99.5
2008-04-15,"ch08","1.2","13",7.94,95,147,120
2008-04-15,"ch10","1.2","13",5.15,86.5,38,170
2008-04-15,"ch11","1.2","13",6.22,97,100,144
2008-04-15,"ch04","1.2.1","13",3.45,33,15,114
2008-04-15,"ch05","1.2.1","13",8.5,111,86,259
2008-04-15,"ch04","1.2.2","13",4.94,57,14,140
2008-04-15,"ch05","1.2.2","13",3.61,51,39,234
2008-04-15,"ch01","1","14",8.51,123,194,50
2008-04-15,"ch02","1","14",7.505,100,163,79
2008-04-15,"ch05","1","14",11.66,134,260,79
2008-04-15,"ch06","1","14",7.73,64,137,31.5
2008-04-15,"ch07","1","14",7.82,103,128,52
2008-04-15,"ch09","1","14",10.595,134,301,42.5
2008-04-15,"ch10","1","14",8.15,98,165,71.5
2008-04-15,"ch11","1","14",6.815,89,273,40
2008-04-15,"ch12","1","14",5.13,57,127,36.2
2008-04-15,"ch01","1.1","14",9.21,113,222,275
2008-04-15,"ch03","1.1","14",3.465,45,15,140
2008-04-15,"ch05","1.1","14",10.38,106,129,278
2008-04-15,"ch08","1.1","14",6.68,94,145,149
2008-04-15,"ch10","1.1","14",9.02,85,98,184.5
2008-04-15,"ch11","1.1","14",5.19,79,113,148
2008-04-15,"ch04","1.1.1","14",4.2,53,15,119
2008-04-15,"ch04","1.1.2","14",4.17,48,13,134
2008-04-15,"ch01","1.2","14",7.57,83,93,282
2008-04-15,"ch03","1.2","14",4.775,59,44,97.5
2008-04-15,"ch08","1.2","14",6.38,80,104,126
2008-04-15,"ch10","1.2","14",5.45,81.5,40,174
2008-04-15,"ch11","1.2","14",6.225,92,139,151
2008-04-15,"ch04","1.2.1","14",4.17,68,43,121
2008-04-15,"ch05","1.2.1","14",6.51,103,22,267
2008-04-15,"ch04","1.2.2","14",3.21,32,11,144
2008-04-15,"ch05","1.2.2","14",4.06,85,48,263
2008-04-15,"ch01","1","15",8.65,130,451,56
2008-04-15,"ch02","1","15",7.485,99,195,86
2008-04-15,"ch05","1","15",8.01,113,120,87
2008-04-15,"ch06","1","15",12.67,118,373,37.5
2008-04-15,"ch07","1","15",11.35,124,354,64
2008-04-15,"ch09","1","15",6.575,80,142,46
2008-04-15,"ch11","1","15",7.305,83,305,44
2008-04-15,"ch12","1","15",3.67,41,61,43.7
2008-04-15,"ch01","1.1","15",12.47,156,399,284
2008-04-15,"ch03","1.1","15",5.735,82,75,144
2008-04-15,"ch05","1.1","15",8.44,92,70,281
2008-04-15,"ch08","1.1","15",9.04,99,155,163
2008-04-15,"ch10","1.1","15",4.85,82,34,187.5
2008-04-15,"ch11","1.1","15",5.295,101,124,161
2008-04-15,"ch04","1.1.1","15",4.77,50,18,122
2008-04-15,"ch04","1.1.2","15",4.66,62,15,142
2008-04-15,"ch01","1.2","15",10.84,133,303,288
2008-04-15,"ch03","1.2","15",16.1,115,663,102.5
2008-04-15,"ch08","1.2","15",6.815,96,94,133
2008-04-15,"ch10","1.2","15",4.85,65.5,23,196
2008-04-15,"ch11","1.2","15",5.535,82,139,156
2008-04-15,"ch04","1.2.1","15",4.54,46,20,127
2008-04-15,"ch05","1.2.1","15",3.36,105,97,278
2008-04-15,"ch04","1.2.2","15",4.65,50,12,148
2008-04-15,"ch05","1.2.2","15",5.78,85,59,271
2008-04-15,"ch01","1","16",11.99,129,302,60
2008-04-15,"ch02","1","16",8.58,98,171,100
2008-04-15,"ch05","1","16",13.14,159,280,93
2008-04-15,"ch06","1","16",7.32,70,154,39.5
2008-04-15,"ch07","1","16",2.93,40,14,67
2008-04-15,"ch09","1","16",11.035,119,270,52.5
2008-04-15,"ch11","1","16",3.47,71,61,55
2008-04-15,"ch12","1","16",3.13,57,51,45.2
2008-04-15,"ch01","1.1","16",12.04,142,242,292
2008-04-15,"ch03","1.1","16",2.665,38.1,11,149.5
2008-04-15,"ch05","1.1","16",8.14,105,104,293
2008-04-15,"ch08","1.1","16",8.26,102.5,155,170
2008-04-15,"ch10","1.1","16",5.89,75,25,200.5
2008-04-15,"ch11","1.1","16",4.585,87,77,161
2008-04-15,"ch04","1.1.1","16",6.73,60,26,125
2008-04-15,"ch04","1.1.2","16",5.06,54,24,147
2008-04-15,"ch01","1.2","16",8.03,105,156,298
2008-04-15,"ch03","1.2","16",3.37,44,14,111.5
2008-04-15,"ch08","1.2","16",5.065,65,76,138
2008-04-15,"ch10","1.2","16",5.8,84,37,193.5
2008-04-15,"ch11","1.2","16",7.245,104,178,167
2008-04-15,"ch04","1.2.1","16",5.95,90,33,134
2008-04-15,"ch05","1.2.1","16",6.22,70,40,286
2008-04-15,"ch04","1.2.2","16",5.84,64,20,153
2008-04-15,"ch05","1.2.2","16",7.69,104,81,279
2008-04-15,"ch01","1","17",7.06,88,116,68
2008-04-15,"ch02","1","17",10.93,102,271,103
2008-04-15,"ch05","1","17",8.86,107,146,103
2008-04-15,"ch06","1","17",7.77,86,103,47.5
2008-04-15,"ch07","1","17",3.01,31,11,77
2008-04-15,"ch09","1","17",7.235,80,160,54.5
2008-04-15,"ch12","1","17",3.31,61,73,48.2
2008-04-15,"ch01","1.1","17",9.82,126,272,297
2008-04-15,"ch03","1.1","17",9.05,123,253,155.5
2008-04-15,"ch05","1.1","17",5.79,75,57,298
2008-04-15,"ch08","1.1","17",9.91,128,222,180
2008-04-15,"ch10","1.1","17",7.53,93,68,204
2008-04-15,"ch11","1.1","17",7.3,103,179,168
2008-04-15,"ch04","1.1.1","17",6.84,64,47,130
2008-04-15,"ch04","1.1.2","17",4.19,45,13,153
2008-04-15,"ch01","1.2","17",5.9,87,78,306
2008-04-15,"ch03","1.2","17",6.87,95,182,117.5
2008-04-15,"ch08","1.2","17",7.465,88,111,148
2008-04-15,"ch10","1.2","17",7.25,83,58,207
2008-04-15,"ch11","1.2","17",6.135,90,136,175
2008-04-15,"ch04","1.2.1","17",3.13,60,10,136
2008-04-15,"ch05","1.2.1","17",12.54,143,182,303
2008-04-15,"ch04","1.2.2","17",4.01,40,10,164
2008-04-15,"ch05","1.2.2","17",5.55,79,34,285
2008-04-15,"ch01","1","18",10.37,102,313,72
2008-04-15,"ch02","1","18",8.805,100,232,114
2008-04-15,"ch05","1","18",11.06,122,227,108
2008-04-15,"ch06","1","18",9.16,97,220,51.5
2008-04-15,"ch07","1","18",7,87,173,85.5
2008-04-15,"ch09","1","18",8.285,110,303,62.5
2008-04-15,"ch12","1","18",1.94,41,25,54.2
2008-04-15,"ch01","1.1","18",13.21,122,172,307
2008-04-15,"ch03","1.1","18",3.66,40,24,163.5
2008-04-15,"ch05","1.1","18",9.89,110,122,313
2008-04-15,"ch08","1.1","18",6.91,94,93,188
2008-04-15,"ch10","1.1","18",8.13,91,62,218
2008-04-15,"ch11","1.1","18",8.7,110,211,175
2008-04-15,"ch04","1.1.1","18",5.75,83,27,136
2008-04-15,"ch04","1.1.2","18",6.32,70,20,157
2008-04-15,"ch01","1.2","18",5.44,81,40,313
2008-04-15,"ch03","1.2","18",5.545,89,118,122.5
2008-04-15,"ch08","1.2","18",5.935,77,88,155
2008-04-15,"ch10","1.2","18",4.27,55,20,212.5
2008-04-15,"ch11","1.2","18",5.72,83,90,187
2008-04-15,"ch04","1.2.1","18",5.08,33,19,146
2008-04-15,"ch05","1.2.1","18",7.69,92,63,311
2008-04-15,"ch04","1.2.2","18",4.7,49,12,174
2008-04-15,"ch05","1.2.2","18",6.84,94,75,294
2008-04-15,"ch01","1","19",9.67,126,262,78
2008-04-15,"ch02","1","19",8.815,105,229,119.5
2008-04-15,"ch05","1","19",6.19,92,56,118
2008-04-15,"ch06","1","19",3.3,72,47,60.5
2008-04-15,"ch07","1","19",9.86,105,270,96
2008-04-15,"ch09","1","19",5.655,73,84,68.5
2008-04-15,"ch12","1","19",7.96,90,220,57.7
2008-04-15,"ch01","1.1","19",12.65,144,248,314
2008-04-15,"ch03","1.1","19",9.85,118,353,169.5
2008-04-15,"ch05","1.1","19",9.06,104,65,320
2008-04-15,"ch08","1.1","19",7.84,101,94,196
2008-04-15,"ch10","1.1","19",6.17,77,35,220
2008-04-15,"ch11","1.1","19",7.38,115,140,188
2008-04-15,"ch04","1.1.1","19",7.05,70,21,140
2008-04-15,"ch04","1.1.2","19",4.12,55,20,163
2008-04-15,"ch01","1.2","19",4.41,83,28,317
2008-04-15,"ch03","1.2","19",2.425,28,15,124
2008-04-15,"ch08","1.2","19",6.915,95,91,163
2008-04-15,"ch10","1.2","19",5,60,21,227
2008-04-15,"ch11","1.2","19",6.75,97,140,190
2008-04-15,"ch04","1.2.1","19",3.55,38,11,149
2008-04-15,"ch05","1.2.1","19",12.36,141,148,321
2008-04-15,"ch04","1.2.2","19",4.36,50,15,182
2008-04-15,"ch05","1.2.2","19",6.37,77,38,301
2008-04-15,"ch01","1","20",3,48,26,80
2008-04-15,"ch02","1","20",8.575,98,195,129.5
2008-04-15,"ch05","1","20",21.61,226,1002,125
2008-04-15,"ch06","1","20",8.05,70,166,63
2008-04-15,"ch07","1","20",2.97,38,13,102
2008-04-15,"ch09","1","20",4.015,60,57,78.5
2008-04-15,"ch12","1","20",2.93,48,24,58.2
2008-04-15,"ch01","1.1","20",5.78,91,46,323
2008-04-15,"ch03","1.1","20",4.75,84,109,178
2008-04-15,"ch05","1.1","20",7.59,110,73,329
2008-04-15,"ch08","1.1","20",8.63,93,99,201
2008-04-15,"ch10","1.1","20",8.09,85,47,236
2008-04-15,"ch11","1.1","20",7.575,110,201,194
2008-04-15,"ch04","1.1.1","20",8.75,97,58,146
2008-04-15,"ch04","1.1.2","20",4.19,58,17,167
2008-04-15,"ch01","1.2","20",9.91,110,93,325
2008-04-15,"ch03","1.2","20",5.15,75,73,127
2008-04-15,"ch08","1.2","20",6.115,76,75,174
2008-04-15,"ch10","1.2","20",5.44,74,38,237.5
2008-04-15,"ch11","1.2","20",7.235,100,155,204
2008-04-15,"ch04","1.2.1","20",4.85,56,15,150
2008-04-15,"ch05","1.2.1","20",3.44,48,9,327
2008-04-15,"ch04","1.2.2","20",4.48,48,19,194
2008-04-15,"ch05","1.2.2","20",6.18,107,65,317
2008-04-15,"ch01","1","21",2.19,30,10,87
2008-04-15,"ch02","1","21",9.975,103,247,135
2008-04-15,"ch05","1","21",9.22,122,146,136
2008-04-15,"ch06","1","21",3.92,50,29,86.5
2008-04-15,"ch07","1","21",4.16,55.5,64,113
2008-04-15,"ch09","1","21",4.835,82,75,84.5
2008-04-15,"ch12","1","21",2.4,44,29,58.5
2008-04-15,"ch01","1.1","21",5.34,82,46,333
2008-04-15,"ch03","1.1","21",5.595,112,134,182.5
2008-04-15,"ch05","1.1","21",7.38,80,47,347
2008-04-15,"ch08","1.1","21",8.485,78,54,208
2008-04-15,"ch10","1.1","21",7.42,100,71,240.5
2008-04-15,"ch11","1.1","21",11.81,179,492,206
2008-04-15,"ch04","1.1.1","21",5.99,70,23,152
2008-04-15,"ch04","1.1.2","21",3.23,41,8,174
2008-04-15,"ch01","1.2","21",3.78,88,28,330
2008-04-15,"ch03","1.2","21",2.295,87,8,134.5
2008-04-15,"ch08","1.2","21",10.15,130,173,182
2008-04-15,"ch10","1.2","21",5.89,67,33,253.5
2008-04-15,"ch11","1.2","21",6.78,111,166,211
2008-04-15,"ch04","1.2.1","21",4.56,46,16,163
2008-04-15,"ch05","1.2.1","21",11.48,140,104,344
2008-04-15,"ch04","1.2.2","21",4.58,48,12,201
2008-04-15,"ch05","1.2.2","21",3.92,56,17,323
2008-04-15,"ch01","1","22",5.36,94,69,92
2008-04-15,"ch02","1","22",10.36,112,242,142
2008-04-15,"ch05","1","22",8.02,78,74,141
2008-04-15,"ch06","1","22",9.58,74,53,90.5
2008-04-15,"ch07","1","22",8.71,102,356,119
2008-04-15,"ch09","1","22",12.51,114,488,98.5
2008-04-15,"ch12","1","22",8.255,100,247,60.5
2008-04-15,"ch01","1.1","22",9.37,113,139,342
2008-04-15,"ch03","1.1","22",4.665,80,84,185
2008-04-15,"ch05","1.1","22",5.63,78,28,355
2008-04-15,"ch08","1.1","22",8.485,102,73,214
2008-04-15,"ch10","1.1","22",9.7,117,71,258.5
2008-04-15,"ch11","1.1","22",5.8,92,120,212
2008-04-15,"ch04","1.1.1","22",8.29,98,73,156
2008-04-15,"ch04","1.1.2","22",4.92,62,18,182
2008-04-15,"ch01","1.2","22",7.91,109,81,337
2008-04-15,"ch03","1.2","22",11.405,87,233,130
2008-04-15,"ch08","1.2","22",5.72,90,44,186
2008-04-15,"ch10","1.2","22",5.65,68,40,256.5
2008-04-15,"ch11","1.2","22",7.845,112,176,221
2008-04-15,"ch04","1.2.1","22",2.9,20,4,173
2008-04-15,"ch05","1.2.1","22",7.4,88,62,365
2008-04-15,"ch04","1.2.2","22",5.14,42,9,209
2008-04-15,"ch05","1.2.2","22",8.45,90,109,330
2008-04-15,"ch01","1","23",14.05,165,733,103
2008-04-15,"ch02","1","23",10.525,111,249,147
2008-04-15,"ch05","1","23",7.77,99,126,156
2008-04-15,"ch06","1","23",3.5,60,20,89.5
2008-04-15,"ch07","1","23",11.9,110,509,129.5
2008-04-15,"ch09","1","23",10.945,110,219,134.5
2008-04-15,"ch12","1","23",3.74,62,69,61.5
2008-04-15,"ch01","1.1","23",6.68,75,54,343
2008-04-15,"ch03","1.1","23",5.555,103,93,188.5
2008-04-15,"ch05","1.1","23",4.77,66,22,364
2008-04-15,"ch08","1.1","23",11.1,143,144,220
2008-04-15,"ch10","1.1","23",7.81,93,60,264.5
2008-04-15,"ch11","1.1","23",4.51,74,39,224
2008-04-15,"ch04","1.1.1","23",7.36,55,38,164
2008-04-15,"ch04","1.1.2","23",5.09,46,11,193
2008-04-15,"ch01","1.2","23",6.44,77,57,343
2008-04-15,"ch03","1.2","23",3.085,91,16,137
2008-04-15,"ch08","1.2","23",5.285,78,46,193
2008-04-15,"ch10","1.2","23",4.9,53,17,271.5
2008-04-15,"ch11","1.2","23",8.025,90,152,227
2008-04-15,"ch04","1.2.1","23",5.68,63,26,181
2008-04-15,"ch05","1.2.1","23",4.85,70,15,370
2008-04-15,"ch04","1.2.2","23",4.17,31,14,213
2008-04-15,"ch01","1","24",3.63,72,52,109
2008-04-15,"ch02","1","24",8.275,91,128,154
2008-04-15,"ch06","1","24",5.56,61,37,93.5
2008-04-15,"ch07","1","24",5.08,78,160,135
2008-04-15,"ch09","1","24",6,73,55,143.5
2008-04-15,"ch12","1","24",4.575,60,72,62
2008-04-15,"ch01","1.1","24",9.27,118,76,357
2008-04-15,"ch03","1.1","24",5.85,79,87,194.5
2008-04-15,"ch05","1.1","24",4.44,65,17,370
2008-04-15,"ch08","1.1","24",8.45,93,77,225
2008-04-15,"ch10","1.1","24",7.75,89,57,281.5
2008-04-15,"ch11","1.1","24",2.85,5,53,229
2008-04-15,"ch04","1.1.1","24",4.55,53,14,167
2008-04-15,"ch04","1.1.2","24",4.67,41,12,199
2008-04-15,"ch01","1.2","24",5.48,74,45,351
2008-04-15,"ch03","1.2","24",6.5,53,122,133
2008-04-15,"ch08","1.2","24",4.51,70,26,199
2008-04-15,"ch10","1.2","24",4.73,55,18,276.5
2008-04-15,"ch11","1.2","24",6.225,78,205,239
2008-04-15,"ch04","1.2.1","24",5.47,26,29,192
2008-04-15,"ch05","1.2.1","24",6.17,87,32,382
2008-04-15,"ch04","1.2.2","24",3.01,32,8,218
2008-04-15,"ch05","1.2.2","24",4.63,75,22,344
2008-04-15,"ch01","1","25",3.24,51,33,118
2008-04-15,"ch02","1","25",11.06,102,220,158
2008-04-15,"ch06","1","25",4.67,62,29,94.5
2008-04-15,"ch07","1","25",6.07,78.5,130,144
2008-04-15,"ch09","1","25",25.905,250,730,151
2008-04-15,"ch12","1","25",3.065,50,18,61.5
2008-04-15,"ch01","1.1","25",6.59,93,108,365
2008-04-15,"ch03","1.1","25",9.99,118,266,198.5
2008-04-15,"ch08","1.1","25",8.815,94,59,236
2008-04-15,"ch10","1.1","25",8.78,87,69,287.5
2008-04-15,"ch11","1.1","25",5.87,98,118,238
2008-04-15,"ch04","1.1.1","25",6.87,58,15,173
2008-04-15,"ch04","1.1.2","25",4.8,48,15,210
2008-04-15,"ch01","1.2","25",7.04,102,98,358
2008-04-15,"ch03","1.2","25",2.965,57,20,135
2008-04-15,"ch08","1.2","25",7.775,99,69,208
2008-04-15,"ch10","1.2","25",3.5,40,6,287
2008-04-15,"ch11","1.2","25",5.785,92,122,245
2008-04-15,"ch04","1.2.1","25",5.63,50,15,198
2008-04-15,"ch05","1.2.1","25",5.49,72,28,388
2008-04-15,"ch04","1.2.2","25",2.45,37,8,226
2008-04-15,"ch05","1.2.2","25",3.5,45,13,348
2008-04-15,"ch01","1","26",9.72,110,245,123
2008-04-15,"ch02","1","26",8.83,98,148,166
2008-04-15,"ch06","1","26",3.93,77,21,97.5
2008-04-15,"ch07","1","26",12.06,131,570,150
2008-04-15,"ch09","1","26",11.135,123,150,158.5
2008-04-15,"ch12","1","26",4.78,66,110,61.7
2008-04-15,"ch01","1.1","26",9.36,99,111,375
2008-04-15,"ch03","1.1","26",4.43,56,50,199
2008-04-15,"ch05","1.1","26",3.94,50,10,391
2008-04-15,"ch08","1.1","26",8.885,110,135,242
2008-04-15,"ch10","1.1","26",7.41,84,34,306.5
2008-04-15,"ch11","1.1","26",5.58,95,144,242
2008-04-15,"ch04","1.1.1","26",4.8,70,18,179
2008-04-15,"ch04","1.1.2","26",6.35,55,35,218
2008-04-15,"ch01","1.2","26",5.26,78,86,367
2008-04-15,"ch03","1.2","26",4.97,80,78,140
2008-04-15,"ch08","1.2","26",5.355,91,36,221
2008-04-15,"ch10","1.2","26",3.05,41,5,292
2008-04-15,"ch11","1.2","26",6.555,98,135,261
2008-04-15,"ch04","1.2.1","26",7.72,75,49,207
2008-04-15,"ch05","1.2.1","26",3.8,58,14,395
2008-04-15,"ch04","1.2.2","26",3.83,33,8,227
2008-04-15,"ch05","1.2.2","26",4.65,64,25,354
2008-04-15,"ch01","1","27",10.12,138,364,129
2008-04-15,"ch02","1","27",9.31,97,152,170
2008-04-15,"ch06","1","27",3.91,58,16,102.5
2008-04-15,"ch07","1","27",8.72,101,225,160
2008-04-15,"ch09","1","27",7.025,98,70,163.5
2008-04-15,"ch12","1","27",1.255,35,15,60.7
2008-04-15,"ch01","1.1","27",4.41,84,48,385
2008-04-15,"ch03","1.1","27",9.03,96,174,201
2008-04-15,"ch05","1.1","27",3.22,57,12,393
2008-04-15,"ch08","1.1","27",8.415,105,115,256
2008-04-15,"ch10","1.1","27",6.42,82,29,308.5
2008-04-15,"ch11","1.1","27",6.735,100,124,254
2008-04-15,"ch04","1.1.1","27",4.18,43,10,183
2008-04-15,"ch04","1.1.2","27",4.05,43,14,228
2008-04-15,"ch01","1.2","27",5.92,94,99,373
2008-04-15,"ch03","1.2","27",3.37,60,43,143
2008-04-15,"ch08","1.2","27",6.84,106,72,230
2008-04-15,"ch10","1.2","27",3.65,32,3,304
2008-04-15,"ch11","1.2","27",5.46,70,97,270
2008-04-15,"ch04","1.2.1","27",6.78,53,22,211
2008-04-15,"ch05","1.2.1","27",3.81,43,14,401
2008-04-15,"ch04","1.2.2","27",2.33,31,6,232
2008-04-15,"ch05","1.2.2","27",3.57,57,16,367
2008-04-15,"ch01","1","28",4.12,74,39,134
2008-04-15,"ch02","1","28",7.235,86,116,177
2008-04-15,"ch06","1","28",5.95,76,40,107.5
2008-04-15,"ch07","1","28",6.7,95,256,162.5
2008-04-15,"ch09","1","28",5.265,74,49,167.5
2008-04-15,"ch12","1","28",3.32,56,29,62.2
2008-04-15,"ch01","1.1","28",7.21,102,56,395
2008-04-15,"ch03","1.1","28",6.035,79,91,206.5
2008-04-15,"ch05","1.1","28",3.71,54,10,400
2008-04-15,"ch08","1.1","28",9.655,88,127,264
2008-04-15,"ch10","1.1","28",5.5,62,14,329.5
2008-04-15,"ch11","1.1","28",6.335,98,128,262
2008-04-15,"ch04","1.1.1","28",8.75,88,63,192
2008-04-15,"ch04","1.1.2","28",5.3,59,21,229
2008-04-15,"ch01","1.2","28",7.4,96,117,379
2008-04-15,"ch03","1.2","28",4.525,54,67,147
2008-04-15,"ch08","1.2","28",9.39,114,110,237
2008-04-15,"ch10","1.2","28",2.37,18,3,310
2008-04-15,"ch11","1.2","28",6.645,90,121,283
2008-04-15,"ch04","1.2.1","28",4.29,60,11,221
2008-04-15,"ch05","1.2.1","28",3,38,5,408
2008-04-15,"ch04","1.2.2","28",2.66,36,6,237
2008-04-15,"ch05","1.2.2","28",3.02,46,7,374
2008-04-15,"ch01","1","29",4.7,73,114,142
2008-04-15,"ch02","1","29",10.23,88,135,182
2008-04-15,"ch06","1","29",5.62,74,45,112.5
2008-04-15,"ch07","1","29",5.53,77,133,169.5
2008-04-15,"ch09","1","29",11.32,130,184,173.5
2008-04-15,"ch12","1","29",3.99,53,36,70.2
2008-04-15,"ch01","1.1","29",5.92,90,66,401
2008-04-15,"ch03","1.1","29",5.48,91,108,209.5
2008-04-15,"ch05","1.1","29",3.08,40,9,405
2008-04-15,"ch08","1.1","29",9.545,106,81,273
2008-04-15,"ch10","1.1","29",4.43,53,15,334.5
2008-04-15,"ch11","1.1","29",5.935,80,94,277
2008-04-15,"ch04","1.1.1","29",7.66,80,37,202
2008-04-15,"ch04","1.1.2","29",3.82,43,7,236
2008-04-15,"ch01","1.2","29",7.42,98,129,384
2008-04-15,"ch03","1.2","29",4.5,46,52,152
2008-04-15,"ch08","1.2","29",9.095,117,132,247
2008-04-15,"ch11","1.2","29",6.335,89,117,291
2008-04-15,"ch04","1.2.1","29",4.16,52,10,223
2008-04-15,"ch05","1.2.1","29",3.66,50,9,420
2008-04-15,"ch04","1.2.2","29",2.78,30,3,239
2008-04-15,"ch05","1.2.2","29",4.07,43,8,384
2008-04-15,"ch01","1","30",6.68,110,174,147
2008-04-15,"ch02","1","30",8.945,91,149,182
2008-04-15,"ch06","1","30",10.37,89,102,115
2008-04-15,"ch07","1","30",8.66,109,282,174.5
2008-04-15,"ch09","1","30",10.035,112,146,177.5
2008-04-15,"ch12","1","30",2.86,61,24,71.2
2008-04-15,"ch01","1.1","30",8.95,107,93,408
2008-04-15,"ch03","1.1","30",5.05,57,47,215.5
2008-04-15,"ch05","1.1","30",3.67,41,6,412
2008-04-15,"ch08","1.1","30",7.655,99,97,279
2008-04-15,"ch10","1.1","30",4.02,55,5,347.5
2008-04-15,"ch11","1.1","30",6.435,98,72,288
2008-04-15,"ch04","1.1.1","30",7.18,68,49,211
2008-04-15,"ch04","1.1.2","30",3.61,43,7,239
2008-04-15,"ch01","1.2","30",7.67,119,112,389
2008-04-15,"ch03","1.2","30",6.63,70,110,154
2008-04-15,"ch08","1.2","30",4.645,73,31,256
2008-04-15,"ch11","1.2","30",5.5,80,70,301
2008-04-15,"ch04","1.2.1","30",4.04,57,14,228
2008-04-15,"ch05","1.2.1","30",3.53,31,6,427
2008-04-15,"ch04","1.2.2","30",2.59,25,3,243
2008-04-15,"ch05","1.2.2","30",2.99,35,6,389
2008-04-15,"ch01","1","31",11.25,136,462,156
2008-04-15,"ch02","1","31",4.265,60,23,186
2008-04-15,"ch06","1","31",7.34,82,71,116.5
2008-04-15,"ch07","1","31",11.78,125,293,180.5
2008-04-15,"ch09","1","31",7,96,79,182.5
2008-04-15,"ch12","1","31",4.795,61,60,76.2
2008-04-15,"ch01","1.1","31",8.04,103,96,413
2008-04-15,"ch03","1.1","31",10.735,104,198,220.5
2008-04-15,"ch05","1.1","31",2.86,33,4,421
2008-04-15,"ch08","1.1","31",7.65,92,76,288
2008-04-15,"ch10","1.1","31",4.18,41,5,354
2008-04-15,"ch11","1.1","31",5.625,81,71,301
2008-04-15,"ch04","1.1.1","31",4.42,47,10,218
2008-04-15,"ch04","1.1.2","31",2.45,14,2,243
2008-04-15,"ch01","1.2","31",4.32,60,18,416
2008-04-15,"ch03","1.2","31",4.815,54,54,158
2008-04-15,"ch08","1.2","31",6.01,85,69,273
2008-04-15,"ch11","1.2","31",5.93,80,124,306
2008-04-15,"ch04","1.2.1","31",3.96,48,9,231
2008-04-15,"ch05","1.2.1","31",2.37,47,7,430
2008-04-15,"ch05","1.2.2","31",2.94,37,7,394
2008-04-15,"ch01","1","32",7.63,103,214,167
2008-04-15,"ch02","1","32",8.365,90,118,191
2008-04-15,"ch06","1","32",7.49,86,73,122.5
2008-04-15,"ch07","1","32",6.33,83,132,183.5
2008-04-15,"ch09","1","32",11.23,67,101,188.5
2008-04-15,"ch12","1","32",6.365,88,209,77.7
2008-04-15,"ch01","1.1","32",6.87,92,62,419
2008-04-15,"ch03","1.1","32",4.06,57,35,228
2008-04-15,"ch08","1.1","32",6.36,73,39,292
2008-04-15,"ch10","1.1","32",3.65,30.5,3,366
2008-04-15,"ch11","1.1","32",6.245,83,87,313
2008-04-15,"ch04","1.1.1","32",8.09,72,40,225
2008-04-15,"ch04","1.1.2","32",2.73,19,5,245
2008-04-15,"ch01","1.2","32",3.79,53,16,425
2008-04-15,"ch03","1.2","32",3.69,60,26,162
2008-04-15,"ch08","1.2","32",6.205,77,41,276
2008-04-15,"ch11","1.2","32",5.465,81,50,321
2008-04-15,"ch04","1.2.1","32",2.75,34,7,235
2008-04-15,"ch05","1.2.1","32",3.31,33,9,432
2008-04-15,"ch05","1.2.2","32",2.39,30,6,402
2008-04-15,"ch01","1","33",5.85,87,156,171
2008-04-15,"ch02","1","33",9.895,84,115,196
2008-04-15,"ch06","1","33",6.25,81,51,130.5
2008-04-15,"ch07","1","33",7.73,88,167,188
2008-04-15,"ch09","1","33",14,155,232,197.5
2008-04-15,"ch12","1","33",3.3,58,36,85.7
2008-04-15,"ch01","1.1","33",6.8,95,67,424
2008-04-15,"ch03","1.1","33",9.2,94,175,232
2008-04-15,"ch08","1.1","33",6.215,65,45,297
2008-04-15,"ch11","1.1","33",5.865,93,54,327
2008-04-15,"ch04","1.1.1","33",4.45,54,13,231
2008-04-15,"ch04","1.1.2","33",3.39,27,2,253
2008-04-15,"ch01","1.2","33",3.48,56,23,438
2008-04-15,"ch03","1.2","33",3.9,35,31,166.5
2008-04-15,"ch08","1.2","33",6.935,92,70,280
2008-04-15,"ch11","1.2","33",5.98,79,54,328
2008-04-15,"ch04","1.2.1","33",2.03,12,2,236
2008-04-15,"ch05","1.2.1","33",2.86,38,5,434
2008-04-15,"ch05","1.2.2","33",,,4,
2008-04-15,"ch01","1","34",14.74,147,633,180
2008-04-15,"ch02","1","34",9.58,95,140,200
2008-04-15,"ch06","1","34",7.64,97,96,139.5
2008-04-15,"ch07","1","34",13.03,126,343,193
2008-04-15,"ch09","1","34",8.18,78,64,203.5
2008-04-15,"ch12","1","34",3.765,64,36,86.2
2008-04-15,"ch01","1.1","34",5.97,77,42,434
2008-04-15,"ch03","1.1","34",6.475,92,65,238
2008-04-15,"ch08","1.1","34",6.845,85,57,302
2008-04-15,"ch11","1.1","34",4.665,71,33,338
2008-04-15,"ch04","1.1.1","34",5.36,57,10,239
2008-04-15,"ch04","1.1.2","34",2.06,18,1,255
2008-04-15,"ch01","1.2","34",3.78,55,25,442
2008-04-15,"ch03","1.2","34",3.775,36,22,169
2008-04-15,"ch08","1.2","34",4.595,68,38,283
2008-04-15,"ch11","1.2","34",4.995,70,33,342
2008-04-15,"ch04","1.2.1","34",2.76,37,6,242
2008-04-15,"ch05","1.2.1","34",3.27,30,4,444
2008-04-15,"ch01","1","35",2.95,50,16,179
2008-04-15,"ch02","1","35",9.265,88,104,206
2008-04-15,"ch06","1","35",5.14,78,53,149.5
2008-04-15,"ch07","1","35",9.86,105,190,199
2008-04-15,"ch09","1","35",9.735,135,90,206
2008-04-15,"ch12","1","35",5.085,74,138,94.2
2008-04-15,"ch01","1.1","35",5.61,100,34,440
2008-04-15,"ch03","1.1","35",18.445,182,518,240
2008-04-15,"ch08","1.1","35",1.395,,6,12
2008-04-15,"ch11","1.1","35",4.97,77,31,346
2008-04-15,"ch04","1.1.1","35",2.78,30,4,244
2008-04-15,"ch04","1.1.2","35",2.21,18,2,258
2008-04-15,"ch01","1.2","35",4.24,52,26,451
2008-04-15,"ch03","1.2","35",3.565,57,22,175
2008-04-15,"ch08","1.2","35",4.78,79,28,291
2008-04-15,"ch11","1.2","35",5.88,73,48,349
2008-04-15,"ch04","1.2.1","35",2.18,29,4,248
2008-04-15,"ch05","1.2.1","35",3.22,25,4,454
2008-04-15,"ch01","1","36",13.87,113,423,186
2008-04-15,"ch02","1","36",4.8,70,22,210
2008-04-15,"ch06","1","36",8.34,100,81,150.5
2008-04-15,"ch07","1","36",7.57,88,123,204
2008-04-15,"ch09","1","36",11.365,130,112,211.5
2008-04-15,"ch12","1","36",10.525,110,258,96.2
2008-04-15,"ch01","1.1","36",4.76,86,42,450
2008-04-15,"ch03","1.1","36",7.26,87,101,249.5
2008-04-15,"ch08","1.1","36",2.87,54,8,328
2008-04-15,"ch11","1.1","36",4.21,63,24,362
2008-04-15,"ch04","1.1.1","36",3.11,28,4,242
2008-04-15,"ch04","1.1.2","36",1.88,14,2,263
2008-04-15,"ch01","1.2","36",2.26,45,18,459
2008-04-15,"ch03","1.2","36",4.91,50,38,179
2008-04-15,"ch08","1.2","36",5.33,70,30,309
2008-04-15,"ch11","1.2","36",4.615,67,20,365
2008-04-15,"ch04","1.2.1","36",2.64,37,5,251
2008-04-15,"ch05","1.2.1","36",2.49,20,3,459
2008-04-15,"ch01","1","37",7.51,98,165,188
2008-04-15,"ch02","1","37",10.425,96,167,217
2008-04-15,"ch06","1","37",5.65,81,53,161.5
2008-04-15,"ch07","1","37",7.56,82,81,211
2008-04-15,"ch09","1","37",11.855,141,132,221.5
2008-04-15,"ch12","1","37",4.69,58,75,103.7
2008-04-15,"ch01","1.1","37",3.7,58,22,458
2008-04-15,"ch03","1.1","37",7.13,75,66,255
2008-04-15,"ch08","1.1","37",4.905,66,32,332
2008-04-15,"ch11","1.1","37",4.46,59,15,371
2008-04-15,"ch04","1.1.1","37",4.07,40,8,251
2008-04-15,"ch01","1.2","37",2.28,44,8,468
2008-04-15,"ch03","1.2","37",4.04,41,32,184
2008-04-15,"ch08","1.2","37",3.555,59,12,318
2008-04-15,"ch11","1.2","37",4.685,61,17,373
2008-04-15,"ch04","1.2.1","37",3.35,28,4,257
2008-04-15,"ch05","1.2.1","37",2.15,10,3,466
2008-04-15,"ch01","1","38",10.03,115,336,195
2008-04-15,"ch02","1","38",5.335,70,30,221
2008-04-15,"ch06","1","38",7.66,94,81,173.5
2008-04-15,"ch07","1","38",12.86,110,256,216
2008-04-15,"ch09","1","38",18.72,200,308,232.5
2008-04-15,"ch12","1","38",7.96,95,208,109.7
2008-04-15,"ch01","1.1","38",4.21,,38,468
2008-04-15,"ch03","1.1","38",6.545,76,49,263
2008-04-15,"ch08","1.1","38",5.685,69,27,340
2008-04-15,"ch11","1.1","38",3.185,49,9,385
2008-04-15,"ch04","1.1.1","38",4.23,36,6,254
2008-04-15,"ch01","1.2","38",2.85,34,16,473
2008-04-15,"ch03","1.2","38",3.2,30,13,189
2008-04-15,"ch08","1.2","38",4.56,50,15,329
2008-04-15,"ch11","1.2","38",3.535,43,7,389
2008-04-15,"ch04","1.2.1","38",2.56,25,1,261
2008-04-15,"ch01","1","39",9.25,99,190,199
2008-04-15,"ch02","1","39",4.83,72,35,229
2008-04-15,"ch06","1","39",4.61,76,17,182.5
2008-04-15,"ch07","1","39",10.71,120,288,222.5
2008-04-15,"ch09","1","39",14.925,156,168,242.5
2008-04-15,"ch12","1","39",5.535,73,91,117.7
2008-04-15,"ch01","1.1","39",5.87,,36,482
2008-04-15,"ch03","1.1","39",10,102,157,269
2008-04-15,"ch08","1.1","39",6.685,64,24,345
2008-04-15,"ch11","1.1","39",2.95,39,5,393
2008-04-15,"ch04","1.1.1","39",2.34,12,1,256
2008-04-15,"ch03","1.2","39",3.04,43,9,195
2008-04-15,"ch08","1.2","39",4.605,44,17,336
2008-04-15,"ch11","1.2","39",3.93,38,5,398
2008-04-15,"ch04","1.2.1","39",1.99,18,1,269
2008-04-15,"ch02","1","40",9.245,108,103,238
2008-04-15,"ch06","1","40",7.8,98,50,187
2008-04-15,"ch07","1","40",16.66,137,362,234
2008-04-15,"ch09","1","40",14.585,150,179,245
2008-04-15,"ch12","1","40",6.45,83,166,120.7
2008-04-15,"ch01","1.1","40",3.92,,18,496
2008-04-15,"ch03","1.1","40",8.555,90,105,273
2008-04-15,"ch08","1.1","40",6.285,54,19,354
2008-04-15,"ch11","1.1","40",2.88,40,4,407
2008-04-15,"ch04","1.1.1","40",2.75,45,4,258
2008-04-15,"ch03","1.2","40",3.13,30,7,202
2008-04-15,"ch08","1.2","40",3.705,41,10,347
2008-04-15,"ch04","1.2.1","40",2.04,18,1,273
2008-04-15,"ch02","1","41",6.67,71,50,241
2008-04-15,"ch06","1","41",6.29,81,34,205.5
2008-04-15,"ch07","1","41",9.08,90,88,241
2008-04-15,"ch09","1","41",10.375,142,95,258
2008-04-15,"ch12","1","41",5.995,76,108,131.7
2008-04-15,"ch01","1.1","41",3.44,,8,504
2008-04-15,"ch03","1.1","41",6.835,73,79,279.5
2008-04-15,"ch08","1.1","41",4.27,42,15,360
2008-04-15,"ch04","1.1.1","41",3.07,42,2,264
2008-04-15,"ch03","1.2","41",2.835,31,6,208
2008-04-15,"ch08","1.2","41",3.725,30,7,351
2008-04-15,"ch04","1.2.1","41",,,1,282
2008-04-15,"ch02","1","42",16.23,157,431,251
2008-04-15,"ch06","1","42",7.53,96,66,213.5
2008-04-15,"ch07","1","42",12.81,118,200,247
2008-04-15,"ch09","1","42",16.405,189,203,265
2008-04-15,"ch12","1","42",6.455,82,102,140.7
2008-04-15,"ch01","1.1","42",2.83,,7,516
2008-04-15,"ch03","1.1","42",7.495,75,59,291.5
2008-04-15,"ch08","1.1","42",3.78,43,10,373
2008-04-15,"ch03","1.2","42",2.975,35,4,214
2008-04-15,"ch08","1.2","42",3.56,32,3,360
2008-04-15,"ch02","1","43",11.045,124,186,252
2008-04-15,"ch06","1","43",5.17,79,23,226.5
2008-04-15,"ch07","1","43",9.96,112,251,258
2008-04-15,"ch09","1","43",9.695,126,76,279
2008-04-15,"ch12","1","43",6.12,67,68,147
2008-04-15,"ch01","1.1","43",4.53,,8,524
2008-04-15,"ch03","1.1","43",11.05,88,129,294.5
2008-04-15,"ch08","1.1","43",3.445,32,4,377
2008-04-15,"ch03","1.2","43",2.365,21,3,219
2008-04-15,"ch08","1.2","43",2.54,20,3,365
2008-04-15,"ch02","1","44",13.33,132,217,259
2008-04-15,"ch06","1","44",6.67,83,48,235.5
2008-04-15,"ch07","1","44",9.21,115,223,267.5
2008-04-15,"ch09","1","44",11.15,133,108,291
2008-04-15,"ch12","1","44",7.2,89,149,150
2008-04-15,"ch01","1.1","44",2.22,,4,534
2008-04-15,"ch03","1.1","44",12.81,94,137,306.5
2008-04-15,"ch08","1.1","44",2.805,25,3,391
2008-04-15,"ch03","1.2","44",1.855,15,1,224
2008-04-15,"ch02","1","45",11.095,121,157,266
2008-04-15,"ch06","1","45",5.88,83,43,247
2008-04-15,"ch07","1","45",8.57,92,118,279.5
2008-04-15,"ch09","1","45",10.355,122,80,297
2008-04-15,"ch12","1","45",9.685,133,253,163
2008-04-15,"ch03","1.1","45",7.325,76,35,315
2008-04-15,"ch02","1","46",12.385,142,275,269
2008-04-15,"ch06","1","46",5.83,89,40,255.5
2008-04-15,"ch07","1","46",13.16,120,294,290.5
2008-04-15,"ch09","1","46",9.6,130,64,309
2008-04-15,"ch12","1","46",6.29,60,80,166
2008-04-15,"ch03","1.1","46",10.925,90,94,325.5
2008-04-15,"ch02","1","47",5.53,71,33,275
2008-04-15,"ch06","1","47",5.42,78,47,275.5
2008-04-15,"ch07","1","47",7.98,70,139,301.5
2008-04-15,"ch09","1","47",9.095,111,42,319
2008-04-15,"ch12","1","47",4.305,50,34,176
2008-04-15,"ch03","1.1","47",12.15,109,112,334
2008-04-15,"ch02","1","48",6.515,84,45,285
2008-04-15,"ch06","1","48",5.9,85,37,283.5
2008-04-15,"ch07","1","48",9.71,105,158,308
2008-04-15,"ch09","1","48",7.18,120,42,326
2008-04-15,"ch12","1","48",8.705,93,193,179
2008-04-15,"ch03","1.1","48",11.76,116,120,344.5
2008-04-15,"ch02","1","49",8.18,97,83,291
2008-04-15,"ch06","1","49",4.47,72,29,298.5
2008-04-15,"ch07","1","49",7.93,91,97,320
2008-04-15,"ch09","1","49",6.715,105,30,327
2008-04-15,"ch12","1","49",2.63,40,14,191
2008-04-15,"ch03","1.1","49",7.02,55,21,354.5
2008-04-15,"ch02","1","50",8.365,110,90,299
2008-04-15,"ch06","1","50",3.91,77,27,306
2008-04-15,"ch07","1","50",8.17,89,524,326
2008-04-15,"ch09","1","50",7.315,118,35,340
2008-04-15,"ch12","1","50",4.535,74,52,191
2008-04-15,"ch03","1.1","50",6.33,73,35,367
2008-04-15,"ch02","1","51",4.76,64,23,308
2008-04-15,"ch06","1","51",3.46,56,17,318.5
2008-04-15,"ch07","1","51",7.03,92,113,338
2008-04-15,"ch09","1","51",6.81,94,29,348
2008-04-15,"ch12","1","51",6.13,77,69,200
2008-04-15,"ch03","1.1","51",8.295,83,75,377.5
2008-04-15,"ch02","1","52",7.5,94,69,323
2008-04-15,"ch06","1","52",4.11,46,12,327.5
2008-04-15,"ch07","1","52",7.78,87,75,343
2008-04-15,"ch09","1","52",4.245,65,13,358
2008-04-15,"ch12","1","52",5.215,72,46,202
2008-04-15,"ch03","1.1","52",6.5,70,51,394
2008-04-15,"ch02","1","53",8.115,105,74,336
2008-04-15,"ch06","1","53",2.58,38,8,338.5
2008-04-15,"ch07","1","53",6.44,78,54,353
2008-04-15,"ch09","1","53",5.63,78,21,364
2008-04-15,"ch12","1","53",4.44,72,39,202
2008-04-15,"ch03","1.1","53",6.45,60,34,403
2008-04-15,"ch02","1","54",7.29,100,61,350
2008-04-15,"ch06","1","54",3.81,38,7,345.5
2008-04-15,"ch07","1","54",5.25,66,32,362
2008-04-15,"ch09","1","54",5.48,79,18,377
2008-04-15,"ch12","1","54",5.04,66,41,216
2008-04-15,"ch03","1.1","54",5.56,53,36,418.5
2008-04-15,"ch02","1","55",5.385,80,34,362
2008-04-15,"ch06","1","55",2.01,25,4,355.5
2008-04-15,"ch07","1","55",3.82,59,22,372
2008-04-15,"ch09","1","55",4.55,68,8,389
2008-04-15,"ch12","1","55",5.235,59,49,224
2008-04-15,"ch03","1.1","55",4.86,60,23,424
2008-04-15,"ch02","1","56",5.475,82,36,373
2008-04-15,"ch06","1","56",2.41,18,4,365.5
2008-04-15,"ch07","1","56",5.13,56,27,377
2008-04-15,"ch09","1","56",3.835,62,8,390
2008-04-15,"ch12","1","56",6.805,90,101,231
2008-04-15,"ch03","1.1","56",4.795,42,6,430.5
2008-04-15,"ch02","1","57",6.135,67,37,385
2008-04-15,"ch06","1","57",1.37,8,2,379
2008-04-15,"ch07","1","57",2.72,42,7,386
2008-04-15,"ch09","1","57",4.145,62,6,393
2008-04-15,"ch12","1","57",6.44,84,64,242
2008-04-15,"ch03","1.1","57",3.975,55,13,434.5
2008-04-15,"ch02","1","58",5.515,71,35,395
2008-04-15,"ch07","1","58",2.63,37,6,393
2008-04-15,"ch09","1","58",3.215,51,5,405
2008-04-15,"ch12","1","58",4.88,67,39,246
2008-04-15,"ch03","1.1","58",3.035,40,8,440.5
2008-04-15,"ch02","1","59",4.955,60,27,405
2008-04-15,"ch07","1","59",2.45,24,4,403
2008-04-15,"ch09","1","59",3.515,40,4,416
2008-04-15,"ch12","1","59",4.31,60,30,255
2008-04-15,"ch03","1.1","59",2.685,28,6,445.5
2008-04-15,"ch02","1","60",3.735,47,22,414
2008-04-15,"ch07","1","60",1.6,18,2,411
2008-04-15,"ch09","1","60",2.465,30,3,435
2008-04-15,"ch12","1","60",5.23,69,49,260
2008-04-15,"ch03","1.1","60",2.365,30,5,450
2008-04-15,"ch02","1","61",3.2,40,7,424
2008-04-15,"ch09","1","61",2.68,19,1,448
2008-04-15,"ch12","1","61",4.195,56,23,271
2008-04-15,"ch03","1.1","61",1.305,11,5,451.5
2008-04-15,"ch02","1","62",3.315,39,9,430
2008-04-15,"ch12","1","62",3.95,56,22,272
2008-04-15,"ch03","1.1","62",1.68,8,3,460.5
2008-04-15,"ch02","1","63",3.51,34,5,437
2008-04-15,"ch12","1","63",4.675,50,21,282
2008-04-15,"ch02","1","64",3.05,26,5,447
2008-04-15,"ch12","1","64",3.86,43,18,296
2008-04-15,"ch02","1","65",3.265,22,4,456
2008-04-15,"ch12","1","65",3.905,39,14,295
2008-04-15,"ch02","1","66",2.37,14,3,466
2008-04-15,"ch12","1","66",2.845,34,9,297
2008-04-15,"ch12","1","67",2.885,31,5,307
2008-04-15,"ch12","1","68",2.4,24,4,311
2008-11-12,"ch01","1","22",4.45,89,62,
2008-11-12,"ch01","1","23",14.1,130,521,
2008-11-12,"ch01","1","28",4,65,30,
2008-11-12,"ch01","1","39",8.45,88,142,
2008-11-12,"ch01","1.1","29",8.15,95,119,
2008-11-12,"ch01","1.1","32",8.15,100,106,
2008-11-12,"ch01","1.2","20",11.15,122,151,
2008-11-12,"ch01","1.2","31",4.25,73,23,
2008-11-12,"ch01","1.2","22",5.25,127,141,
2008-11-12,"ch02","1","3",7,84,56,
2008-11-12,"ch02","1","16",8.2,115,177,
2008-11-12,"ch02","1","31",4.25,62,20,
2008-11-12,"ch02","1","34",10.2,106,176,
2008-11-12,"ch02","1","45",18,167,220,
2008-11-12,"ch02","1","47",7.13,97,51,
2008-11-12,"ch02","1","59",17.1,169,164,
2008-11-12,"ch02","1","65",8.15,93,54,
2008-11-12,"ch03","1","5",6.35,54,28,
2008-11-12,"ch03","1.1","39",13.45,159,166,
2008-11-12,"ch03","1.1","53",13.6,103,324,
2008-11-12,"ch03","1.1","54",15.5,144,364,
2008-11-12,"ch03","1.1","58",5.75,57,39,
2008-11-12,"ch03","1.2","7",14.55,101,263,
2008-11-12,"ch03","1.2","22",16,134,195,
2008-11-12,"ch03","1.2","35",4.3,62,21,
2008-11-12,"ch04","1.1.1","17",7,80,43,
2008-11-12,"ch04","1.1.1","41",7.95,86,67,
2008-11-12,"ch04","1.2","3",7.35,103,75,
2008-11-12,"ch04","1.2.1","5",5.25,85,31,
2008-11-12,"ch04","1.2.1","30",6.35,84,46,
2008-11-12,"ch04","1.2.1","37",8.05,87,67,
2008-11-12,"ch04","1.1.1","47",4.1,57,24,
2008-11-12,"ch05","1","11",8.9,105,79,
2008-11-12,"ch05","1","14",11.8,130,112,
2008-11-12,"ch05","1.1","2",6.1,100,59,
2008-11-12,"ch05","1.1","28",4.75,59,22,
2008-11-12,"ch05","1.1","32",4.35,64,7,
2008-11-12,"ch05","1.1","33",8.05,116,12,
2008-11-12,"ch05","1.2.1","1",14.4,146,230,
2008-11-12,"ch05","1.2.2","16",11,120,124,
2008-11-12,"ch06","1","9",4.4,62,22,
2008-11-12,"ch06","1","25",4.15,72,19,
2008-11-12,"ch06","1","34",9.65,108,130,
2008-11-12,"ch06","1","37",7,97,72,
2008-11-12,"ch06","1","47",12.4,105,103,
2008-11-12,"ch06","1","51",10.35,79,56,
2008-11-12,"ch07","1","12",7.23,84,129,
2008-11-12,"ch07","1","14",7.19,92,71,
2008-11-12,"ch07","1","31",9.23,82,109,
2008-11-12,"ch07","1","32",12.53,113,316,
2008-11-12,"ch07","1","46",23.06,269,578,
2008-11-12,"ch07","1","56",15.42,192,499,
2008-11-12,"ch08","1.1","1",6.45,93,65,
2008-11-12,"ch08","1.1","5",7.18,96,119,
2008-11-12,"ch08","1.1","20",8.99,99,81,
2008-11-12,"ch08","1.1","29",19.5,168,365,
2008-11-12,"ch08","1.2","24",4.9,57,22,
2008-11-12,"ch08","1.2","34",4.45,79,40,
2008-11-12,"ch09","1","8",6.46,85,39,
2008-11-12,"ch09","1","12",6.4,83,35,
2008-11-12,"ch09","1","32",11.73,109,116,
2008-11-12,"ch09","1","35",11.44,143,119,
2008-11-12,"ch09","1","45",17.49,178,285,
2008-11-12,"ch09","1","53",12.61,128,184,
2008-11-12,"ch09","1","58",9.04,132,93,
2008-11-12,"ch09","1","59",11.48,161,103,
2008-11-12,"ch10","1","9",3.26,47,13,
2008-11-12,"ch10","1","11",12.82,147,364,
2008-11-12,"ch10","1.1","5",3.53,53,33,
2008-11-12,"ch10","1.1","17",9.4,115,116,
2008-11-12,"ch10","1.1","22",14.75,137,303,
2008-11-12,"ch10","1.2","24",8.55,92,104,
2008-11-12,"ch11","1","12",7.93,87,257,
2008-11-12,"ch11","1","14",7.5,82,111,
2008-11-12,"ch11","1.1","10",4.82,73,88,
2008-11-12,"ch11","1.1","36",13.41,158,298,
2008-11-12,"ch11","1.2","20",9.18,103,148,
2008-11-12,"ch11","1.2","35",15.31,243,501,
2008-11-12,"ch12","1","12",9.46,72,168,
2008-11-12,"ch12","1","34",5.13,63,37,
2008-11-12,"ch12","1","47",5.56,73,56,
2008-11-12,"ch12","1","57",13.93,146,311,
2008-11-12,"ch12","1","59",7.04,74,83,
2008-11-12,"ch12","1","65",6.98,81,144,
2009-01-12,"ch01","1","22",4.5,92,42,
2009-01-12,"ch01","1","23",14.6,154,383,
2009-01-12,"ch01","1","28",3.9,65,17,
2009-01-12,"ch01","1","39",8.7,85,157,
2009-01-12,"ch01","1.1","29",8.4,101,95,
2009-01-12,"ch01","1.1","32",8.5,102,72,
2009-01-12,"ch01","1.2","20",11.3,120,156,
2009-01-12,"ch01","1.2","31",4,66,19,
2009-01-12,"ch01","1.2","22",10.4,120,106,
2009-01-12,"ch01","1.2","46",5.4,85,46,
2009-01-12,"ch01","1.2","64",5.2,72,37,
2009-01-12,"ch01","1.1.1","2",15.5,251,529,
2009-01-12,"ch01","1.1.2","6",4.2,70,22,
2009-01-12,"ch01","1.1.2","10",2.9,45,13,
2009-01-12,"ch02","1","16",8.4,103,59,
2009-01-12,"ch02","1","34",10.6,113,82,
2009-01-12,"ch02","1","45",21,173,304,
2009-01-12,"ch02","1","47",8.1,93,44,
2009-01-12,"ch02","1","59",24.8,350,527,
2009-01-12,"ch02","1","65",9.3,93,70,
2009-01-12,"ch02","1","80",6.9,93,47,
2009-01-12,"ch02","1","72",5.2,74,26,
2009-01-12,"ch02","1","87",9.1,125,80,
2009-01-12,"ch03","1.1","39",13.5,140,217,
2009-01-12,"ch03","1.1","53",14,138,324,
2009-01-12,"ch03","1.1","54",16.2,160,296,
2009-01-12,"ch03","1.1","58",6.1,63,24,
2009-01-12,"ch03","1.2","7",14.5,106,348,
2009-01-12,"ch03","1.2","22",16.6,192,724,
2009-01-12,"ch03","1.2","35",4.2,68,25,
2009-01-12,"ch03","1.1","67",3.1,35,7,
2009-01-12,"ch03","1.1","72",3.8,54,11,
2009-01-12,"ch03","1.1","90",4.2,58,12,
2009-01-12,"ch04","1.1.1","17",7,71,19,
2009-01-12,"ch04","1.1.1","41",8.5,84,66,
2009-01-12,"ch04","1.2","3",7.4,85,25,
2009-01-12,"ch04","1.2.1","5",6.1,89,29,
2009-01-12,"ch04","1.2.1","30",6.7,71,26,
2009-01-12,"ch04","1.2.1","37",9.4,95,80,
2009-01-12,"ch04","1.1.1","47",4.7,60,11,
2009-01-12,"ch04","1.1.2","53",7.4,79,33,
2009-01-12,"ch04","1.1.1","75",6.5,74,37,
2009-01-12,"ch04","1.2.1","62",5,54,12,
2009-01-12,"ch04","1.2.2","50",4.4,53,9,
2009-01-12,"ch04","1.2.2","57",4.4,52,17,
2009-01-12,"ch04","1.2.1","41",7.8,81,71,
2009-01-12,"ch05","1","14",11.9,125,36,
2009-01-12,"ch05","1.1","2",6.9,104,33,
2009-01-12,"ch05","1.1","28",5.1,59,18,
2009-01-12,"ch05","1.1","32",4.6,58,13,
2009-01-12,"ch05","1.1","33",9.1,163,51,
2009-01-12,"ch05","1.2.1","1",13.5,147,89,
2009-01-12,"ch05","1.2.2","16",11,116,130,
2009-01-12,"ch05","1.1","47",5.2,70,10,
2009-01-12,"ch05","1.2.1","54",6,106,30,
2009-01-12,"ch05","1.2.1","57",5.1,103,33,
2009-01-12,"ch05","1.2.2","37",4,54,10,
2009-01-12,"ch05","1.2.2","47",4.4,57,11,
2009-01-12,"ch06","1","25",4.3,68,19,
2009-01-12,"ch06","1","34",9.7,117,111,
2009-01-12,"ch06","1","37",7.3,120,63,
2009-01-12,"ch06","1","47",12.4,130,233,
2009-01-12,"ch06","1","51",10.3,125,128,
2009-01-12,"ch06","1","59",7.7,77,68,
2009-01-12,"ch06","1","67",5.3,79,19,
2009-01-12,"ch06","1","79",9.8,115,56,
2009-01-12,"ch07","1","31",12.45,108,202,
2009-01-12,"ch07","1","32",6.75,79,20,
2009-01-12,"ch07","1","46",22.3,294,1051,
2009-01-12,"ch07","1","56",16.85,247,634,
2009-01-12,"ch07","1","65",4.7,80,33,
2009-01-12,"ch07","1","87",3.45,66,10,
2009-01-12,"ch08","1.1","6",4.85,90,33,
2009-01-12,"ch08","1.1","20",8.75,99,46,
2009-01-12,"ch08","1.1","29",22,245,668,
2009-01-12,"ch08","1.2","24",4.5,57,15,
2009-01-12,"ch08","1.2","34",4.75,69,32,
2009-01-12,"ch08","1.1","62",7.05,106,62,
2009-01-12,"ch08","1.1","66",6,102,19,
2009-01-12,"ch08","1.2","60",6.9,120,78,
2009-01-12,"ch08","1.2","47",8.05,127,101,
2009-01-12,"ch09","1","32",11.3,112,79,
2009-01-12,"ch09","1","35",11.05,148,120,
2009-01-12,"ch09","1","45",19.85,170,226,
2009-01-12,"ch09","1","53",11.65,152,197,
2009-01-12,"ch09","1","58",10,133,102,
2009-01-12,"ch09","1","59",12.65,165,128,
2009-01-12,"ch09","1","65",11,110,76,
2009-01-12,"ch09","1","78",6.85,127,34,
2009-01-12,"ch09","1","83",3.85,74,4,
2009-01-12,"ch10","1.1","17",9.2,110,87,
2009-01-12,"ch10","1.1","22",14.5,130,211,
2009-01-12,"ch10","1.2","24",14.3,150,317,
2009-01-12,"ch10","1.2","46",4.05,77,13,
2009-01-12,"ch10","1.2","42",5.5,92,38,
2009-01-12,"ch10","1.1","52",6.7,128,50,
2009-01-12,"ch10","1.2","25",8.5,89,91,
2009-01-12,"ch11","1.1","10",4.7,71,22,
2009-01-12,"ch11","1.1","36",14.3,165,375,
2009-01-12,"ch11","1.2","20",8.1,102,45,
2009-01-12,"ch11","1.2","35",15.35,315,613,
2009-01-12,"ch11","1.1","50",8.8,115,166,
2009-01-12,"ch11","1.1","53",5.9,96,105,
2009-01-12,"ch11","1.2","66",7.15,103,92,
2009-01-12,"ch11","1.2","55",3.1,62,14,
2009-01-12,"ch12","1","47",5.05,68,32,
2009-01-12,"ch12","1","57",14.65,151,359,
2009-01-12,"ch12","1","59",5.9,83,63,
2009-01-12,"ch12","1","65",7.95,85,130,
2009-01-12,"ch12","1","81",4.8,70,31,
2009-01-12,"ch12","1","92",7.55,108,86,
2009-02-17,"ch01","1","22",4.95,0.89,65,
2009-02-17,"ch01","1","23",15.2,1.56,293,
2009-02-17,"ch01","1","28",4.05,0.64,16,
2009-02-17,"ch01","1","39",8.95,0.67,122,
2009-02-17,"ch01","1.1","29",8.7,0.95,81,
2009-02-17,"ch01","1.1","32",8.6,0.95,67,
2009-02-17,"ch01","1.2","20",11.45,1.11,126,
2009-02-17,"ch01","1.2","31",4.75,0.61,11,
2009-02-17,"ch01","1.2","22",10.15,1.18,97,
2009-02-17,"ch01","1.2","42",8.85,1.03,116,
2009-02-17,"ch01","1.2","43",10.1,1.15,119,
2009-02-17,"ch01","1.2","50",6.5,0.91,52,
2009-02-17,"ch01","1.1.1","1",9.35,1.14,138,
2009-02-17,"ch01","1.1.2","17",9.2,1.15,115,
2009-02-17,"ch01","1.2","46",5.8,0.92,42,
2009-02-17,"ch01","1.2","64",5.75,0.84,27,
2009-02-17,"ch01","1.1.1","2",16.8,2.11,527,
2009-02-17,"ch01","1.1.2","6",17.35,2.22,396,
2009-02-17,"ch02","1","3",8.4,1.05,47,
2009-02-17,"ch02","1","34",11.3,1.15,70,
2009-02-17,"ch02","1","45",20.9,1.69,364,
2009-02-17,"ch02","1","47",8.85,0.93,33,
2009-02-17,"ch02","1","59",29.05,4.28,101,
2009-02-17,"ch02","1","65",9.6,0.85,66,
2009-02-17,"ch02","1","80",7.05,0.97,47,
2009-02-17,"ch02","1","84",8.7,1.11,74,
2009-02-17,"ch02","1","72",5.85,0.54,31,
2009-02-17,"ch02","1","87",9.7,1.17,97,
2009-02-17,"ch03","1.1","39",13.75,1.4,176,
2009-02-17,"ch03","1.1","53",14.1,1.34,281,
2009-02-17,"ch03","1.1","58",6.1,0.65,37,
2009-02-17,"ch03","1.2","7",15.05,0.92,331,
2009-02-17,"ch03","1.2","22",16.9,1.55,626,
2009-02-17,"ch03","1.2","35",4.3,0.72,22,
2009-02-17,"ch03","1.1","77",10.4,1.31,109,
2009-02-17,"ch03","1.2","45",5.15,0.55,58,
2009-02-17,"ch03","1.1","72",4.05,0.58,10,
2009-02-17,"ch03","1.1","90",4.6,0.54,12,
2009-02-17,"ch04","1.1.1","17",7,0.69,12,
2009-02-17,"ch04","1.1.1","41",8.75,0.87,64,
2009-02-17,"ch04","1.2","3",7.25,0.81,3,
2009-02-17,"ch04","1.2.1","5",5.6,0.84,24,
2009-02-17,"ch04","1.2.1","30",7.35,0.69,31,
2009-02-17,"ch04","1.2.1","37",10.1,1.03,92,
2009-02-17,"ch04","1.1.1","47",4.95,0.82,20,
2009-02-17,"ch04","1.2.1","61",7.8,0.85,42,
2009-02-17,"ch04","1.1.1","70",5.6,0.85,23,
2009-02-17,"ch04","1.2.2","63",4.65,0.54,5,
2009-02-17,"ch04","1.2.2","47",9.4,1.18,99,
2009-02-17,"ch04","1.2.2","26",8.6,0.92,59,
2009-02-17,"ch04","1.2.2","13",6.45,0.8,0.34,
2009-02-17,"ch04","53","",6.7,0.97,42,
2009-02-17,"ch04","1.1.1","75",9.2,1.09,71,
2009-02-17,"ch04","1.2.1","62",5.7,0.82,19,
2009-02-17,"ch04","1.2.2","50",4.6,0.59,65,
2009-02-17,"ch04","1.2.2","57",4.85,0.57,10,
2009-02-17,"ch04","1.2.1","41",7.9,0.71,25,
2009-02-17,"ch05","1.1","2",6.85,1.08,33,
2009-02-17,"ch05","1.1","28",5.3,0.6,15,
2009-02-17,"ch05","1.1","32",5.1,0.59,5,
2009-02-17,"ch05","1.1","33",9.4,1.75,79,
2009-02-17,"ch05","1.2.1","1",13.9,1.53,111,
2009-02-17,"ch05","1.2.2","16",11.45,1.19,131,
2009-02-17,"ch05","1.2.2","29b",5.2,0.74,24,
2009-02-17,"ch05","1.1","47",5.5,0.71,27,
2009-02-17,"ch05","1.2.1","52",6.7,1.01,54,
2009-02-17,"ch05","1.2.1","15",10,1.13,63,
2009-02-17,"ch05","1.2.1","233",8.05,0.87,25,
2009-02-17,"ch05","1.2.1","36",4.3,0.54,18,
2009-02-17,"ch05","1.2.1","54",6.2,0.97,47,
2009-02-17,"ch05","1.2.1","57",6.95,1.07,69,
2009-02-17,"ch05","1.2.2","37",3.9,0.54,8,
2009-02-17,"ch05","1.2.2","47",4.1,0.55,19,
2009-02-17,"ch06","1","25",4.95,0.62,19,
2009-02-17,"ch06","1","34",10.25,1.15,100,
2009-02-17,"ch06","1","37",7.9,1.21,60,
2009-02-17,"ch06","1","47",12.8,1.34,226,
2009-02-17,"ch06","1","51",10.5,1.31,133,
2009-02-17,"ch06","1","61",13.25,1.51,221,
2009-02-17,"ch06","1","77",8.9,1.24,64,
2009-02-17,"ch06","1","59",7.75,0.94,65,
2009-02-17,"ch06","1","67",5.5,0.78,19,
2009-02-17,"ch06","1","79",12.2,1.19,79,
2009-02-17,"ch07","1","31",12.4,1.04,200,
2009-02-17,"ch07","1","46",24.3,3,1055,
2009-02-17,"ch07","1","56",18.8,2.42,769,
2009-02-17,"ch07","1","65",4.95,0.78,44,
2009-02-17,"ch07","1","87",4.8,0.74,23,
2009-02-17,"ch08","1.1","20",9.25,0.83,37,
2009-02-17,"ch08","1.1","29",21.6,2.34,608,
2009-02-17,"ch08","1.2","24",4.8,0.58,13,
2009-02-17,"ch08","1.2","34",5.4,0.63,22,
2009-02-17,"ch08","1.1","62",7.8,1.12,112,
2009-02-17,"ch08","1.1","66",7.7,1.23,85,
2009-02-17,"ch08","1.2","60",7.65,1.21,88,
2009-02-17,"ch08","1.2","47",5.9,0.99,42,
2009-02-17,"ch09","1","32",11.35,0.64,71,
2009-02-17,"ch09","1","35",10.95,1.41,103,
2009-02-17,"ch09","1","45",19.75,1.98,183,
2009-02-17,"ch09","1","53",12.75,1.46,180,
2009-02-17,"ch09","1","58",10.15,1.31,96,
2009-02-17,"ch09","1","59",12.75,1.4,142,
2009-02-17,"ch09","1","65",11.8,1.13,72,
2009-02-17,"ch09","1","78",8.5,1.1,82,
2009-02-17,"ch10","1.1","17",9.3,1.04,76,
2009-02-17,"ch10","1.1","22",14.6,1.22,184,
2009-02-17,"ch10","1.2","24",14.5,1.42,334,
2009-02-17,"ch10","1.2","46",4.8,0.84,13,
2009-02-17,"ch10","1.2","42",6.8,0.83,38,
2009-02-17,"ch10","1.1","52",8,1.48,83,
2009-02-17,"ch10","1.2","25",8.55,0.9,87,
2009-02-17,"ch11","1.1","36",13.85,1.56,310,
2009-02-17,"ch11","1.2","20",8.15,1.01,17,
2009-02-17,"ch11","1.2","35",15.55,3.2,522,
2009-02-17,"ch11","1.1","50",9.35,1.17,148,
2009-02-17,"ch11","1.1","53",6.15,0.95,58,
2009-02-17,"ch11","1.2","66",7.45,1.27,103,
2009-02-17,"ch11","1.2","55",3.35,0.56,7,
2009-02-17,"ch12","1","47",5.5,0.7,32,
2009-02-17,"ch12","1","57",15.2,1.52,304,
2009-02-17,"ch12","1","59",6.55,0.85,64,
2009-02-17,"ch12","1","65",8,0.82,111,
2009-02-17,"ch12","1","81",5.35,0.75,29,
2009-02-17,"ch12","1","92",7.45,1.01,95,
