chamber,stemnumber,branchnumber,branchorder,nyoungleaves,noldleaves,nobranches,secondarybranches,tertiarybranches,comments
ch01,1,1,1,,17,,0,0,
ch01,1,2,1,,16,,0,0,
ch01,1,3,1,,12,,0,0,
ch01,1,4,1,,20,,0,0,
ch01,1,4,2,7,30,6,6,0,
ch01,1,5,1,,17,,0,0,
ch01,1,5,2,,5,,0,0,
ch01,1,6,1,,29,,0,0,
ch01,1,6,2,,57,7,7,0,
ch01,1,7,1,,21,,0,0,
ch01,1,7,2,,33,7,7,0,
ch01,1,8,1,,14,,0,0,
ch01,1,8,2,3,27,5,5,0,
ch01,1,9,1,,14,,0,0,
ch01,1,9,2,,8,2,2,0,
ch01,1,10,1,,11,,0,0
ch01,1,10,2,,87,10,10,0
ch01,1,11,1,,35,,0,0
ch01,1,11,2,,67,11,11,0
ch01,1,12,1,,38,,0,0
ch01,1,12,2,,79,11,11,0
ch01,1,13,1,,12,,0,0
ch01,1,13,2,,18,3,3,0
ch01,1,14,1,,32,,0,0
ch01,1,14,2,,162,18,18,0
ch01,1,15,1,,38,,0,0
ch01,1,15,2,12,327,17,17,0
ch01,1,15,3,8,66,4,0,4
ch01,1,16,1,,39,,0,0
ch01,1,16,2,,238,21,21,0
ch01,1,16,3,,25,3,0,3
ch01,1,17,1,8,38,,0,0
ch01,1,17,2,4,66,10,10,0
ch01,1,18,1,,27,,0,0
ch01,1,18,2,,233,18,18,0
ch01,1,18,3,,53,5,0,5
ch01,1,19,1,,32,,0,0
ch01,1,19,2,,207,17,17,0
ch01,1,19,3,,23,3,0,3
ch01,1,20,1,,19,,0,0
ch01,1,20,2,,7,1,1,0
ch01,1,21,1,,10,,0,0
ch01,1,22,1,,33,,0,0
ch01,1,22,2,,36,6,6,0
ch01,1,23,1,,40,,0,0
ch01,1,23,2,,465,27,27,0
ch01,1,23,3,12,216,30,0,30
ch01,1,24,1,,30,,0,0
ch01,1,24,2,,22,6,6,0
ch01,1,25,1,,20,,0,0
ch01,1,25,2,,13,5,5,0
ch01,1,26,1,,25,,0,0
ch01,1,26,2,,220,17,17,0
ch01,1,27,1,,23,,0,0
ch01,1,27,2,,299,21,21,0
ch01,1,27,3,,42,5,0,5
ch01,1,28,1,,33,,0,0
ch01,1,28,2,,6,1,1,0
ch01,1,29,1,,30,,0,0
ch01,1,29,2,,62,3,3,0
ch01,1,29,3,,22,2,0,2
ch01,1,30,1,,30,,0,0
ch01,1,30,2,,144,9,9,0
ch01,1,31,1,4,18,,0,0
ch01,1,31,2,,425,23,23,0
ch01,1,31,3,,15,1,0,1
ch01,1,32,1,,33,,0,0
ch01,1,32,2,,181,13,13,0
ch01,1,33,1,,25,,0,0
ch01,1,33,2,,131,17,17,0
ch01,1,34,1,4,21,,0,0
ch01,1,34,2,19,351,30,30,0
ch01,1,34,3,4,234,25,0,25
ch01,1,35,1,,16,,0,0
ch01,1,36,1,,23,,0,0
ch01,1,36,2,,400,17,17,0
ch01,1,37,1,,25,,0,0
ch01,1,37,2,,127,8,8,0
ch01,1,37,3,,13,1,0,1
ch01,1,38,1,,21,,0,0
ch01,1,38,2,,315,19,19,0
ch01,1,39,1,2,24,,0,0
ch01,1,39,2,,164,13,13,0
ch01,1.1,1,1,1,24,,0,0
ch01,1.1,1,2,5,307,20,20,0
ch01,1.1,2,1,,24,,0,0
ch01,1.1,3,1,,27,,0,0
ch01,1.1,4,1,,27,,0,0
ch01,1.1,5,1,,26,,0,0
ch01,1.1,5,2,,53,5,5,0
ch01,1.1,6,1,,24,,0,0
ch01,1.1,6,2,,12,,0,0
ch01,1.1,7,1,,23,,0,0
ch01,1.1,7,2,,76,7,7,0
ch01,1.1,8,1,,26,,0,0
ch01,1.1,8,2,,62,5,5,0
ch01,1.1,9,1,,29,,0,0
ch01,1.1,9,2,,137,12,12,0
ch01,1.1,10,1,,29,,0,0
ch01,1.1,10,2,,53,4,4,0
ch01,1.1,11,1,,26,,0,0
ch01,1.1,11,2,,167,14,14,0
ch01,1.1,12,1,2,29,,0,0
ch01,1.1,12,2,4,135,9,9,0
ch01,1.1,13,1,,25,,0,0
ch01,1.1,13,2,,321,14,14,0
ch01,1.1,14,1,4,25,,0,0
ch01,1.1,14,2,12,181,13,13,0
ch01,1.1,15,1,6,26,,0,0
ch01,1.1,15,2,28,339,24,24,0
ch01,1.1,16,1,8,25,,0,0
ch01,1.1,16,2,20,189,18,18,0
ch01,1.1,17,1,,28,,0,0
ch01,1.1,17,2,,238,16,16,0
ch01,1.1,17,3,,6,1,0,1
ch01,1.1,18,1,6,22,,0,0
ch01,1.1,18,2,,144,10,10,0
ch01,1.1,19,1,4,25,,0,0
ch01,1.1,19,2,24,195,21,21,0
ch01,1.1,20,1,,27,,0,0
ch01,1.1,20,2,4,15,2,2,0
ch01,1.1,21,1,,24,,0,0
ch01,1.1,21,2,,22,4,4,0
ch01,1.1,22,1,,24,,0,0
ch01,1.1,22,2,36,79,12,12,0
ch01,1.1,23,1,,20,,0,0
ch01,1.1,23,2,2,32,4,4,0
ch01,1.1,24,1,,24,,0,0
ch01,1.1,24,2,40,12,14,14,0
ch01,1.1,25,1,,24,,0,0
ch01,1.1,25,2,22,62,7,7,0
ch01,1.1,26,1,4,16,,0,0
ch01,1.1,26,2,28,63,10,10,0
ch01,1.1,27,1,,28,,0,0
ch01,1.1,27,2,4,16,1,1,0
ch01,1.1,28,1,,20,,0,0
ch01,1.1,28,2,16,20,6,6,0
ch01,1.1,29,1,4,18,,0,0
ch01,1.1,29,2,20,24,5,5,0
ch01,1.1,30,1,,16,,0,0
ch01,1.1,30,2,32,45,8,8,0
ch01,1.1,31,1,4,15,,0,0
ch01,1.1,31,2,32,45,9,9,0
ch01,1.1,32,1,,14,,0,0
ch01,1.1,32,2,24,24,7,7,0
ch01,1.1,33,1,4,15,,0,0
ch01,1.1,33,2,14,34,8,8,0
ch01,1.1,34,1,4,14,,0,0
ch01,1.1,34,2,10,14,5,5,0
ch01,1.1,35,1,4,12,,0,0
ch01,1.1,35,2,12,6,4,4,0
ch01,1.1,36,1,4,12,,0,0
ch01,1.1,36,2,16,10,5,5,0
ch01,1.1,37,1,4,8,,0,0
ch01,1.1,37,2,4,6,1,1,0
ch01,1.1,38,1,4,10,,0,0
ch01,1.1,38,2,16,8,4,4,0
ch01,1.1,39,1,4,8,,0,0
ch01,1.1,39,2,16,8,4,4,0
ch01,1.1,40,1,4,4,,0,0
ch01,1.1,40,2,8,2,2,2,0
ch01,1.1,41,1,4,4,,0,0
ch01,1.1,42,1,2,4,,0,0
ch01,1.1,42,2,1,0,,0,0
ch01,1.1,43,1,4,4,,0,0
ch01,1.1,44,1,4,,,0,0
ch01,1.2,1,1,,17,,0,0
ch01,1.2,2,1,,19,,0,0
ch01,1.2,3,1,,25,,0,0
ch01,1.2,3,2,,39,2,2,0
ch01,1.2,4,1,,30,,0,0
ch01,1.2,5,1,,28,,0,0
ch01,1.2,6,1,,22,,0,0
ch01,1.2,7,1,1,29,,0,0
ch01,1.2,7,2,3,53,6,6,0
ch01,1.2,8,1,,22,,0,0
ch01,1.2,9,1,2,32,,0,0
ch01,1.2,9,2,,72,9,9,0
ch01,1.2,10,1,,22,,0,0
ch01,1.2,10,2,,3,,0,0
ch01,1.2,11,1,,35,,0,0
ch01,1.2,11,2,,179,18,18,0
ch01,1.2,12,1,3,22,,0,0
ch01,1.2,12,2,7,115,13,13,0
ch01,1.2,13,1,,28,,0,0
ch01,1.2,13,2,8,85,6,6,0
ch01,1.2,14,1,2,20,,0,0
ch01,1.2,14,2,3,60,5,5,0
ch01,1.2,14,3,,8,1,0,1
ch01,1.2,15,1,4,25,,0,0
ch01,1.2,15,2,38,236,22,22,0
ch01,1.2,16,1,2,30,,0,0
ch01,1.2,16,2,6,118,8,8,0
ch01,1.2,17,1,,31,,0,0
ch01,1.2,17,2,1,46,5,5,0
ch01,1.2,18,1,2,25,,0,0
ch01,1.2,18,2,2,11,1,1,0
ch01,1.2,19,1,2,23,,0,0
ch01,1.2,19,2,,3,1,1,0
ch01,1.2,20,1,1,24,,0,0
ch01,1.2,20,2,8,60,5,5,0
ch01,1.2,21,1,1,27,,0,0
ch01,1.2,22,1,2,24,,0,0
ch01,1.2,22,2,8,47,7,7,0
ch01,1.2,23,1,2,22,,0,0
ch01,1.2,23,2,8,25,3,3,0
ch01,1.2,24,1,2,21,,0,0
ch01,1.2,24,2,2,20,1,1,0
ch01,1.2,25,1,3,23,,0,0
ch01,1.2,25,2,27,45,9,9,0
ch01,1.2,26,1,4,20,,0,0
ch01,1.2,26,2,22,40,6,6,0
ch01,1.2,27,1,4,19,,0,0
ch01,1.2,27,2,29,47,8,8,0
ch01,1.2,28,1,4,19,,0,0
ch01,1.2,28,2,49,45,10,10,0
ch01,1.2,29,1,4,17,,0,0
ch01,1.2,29,2,56,52,11,11,0
ch01,1.2,30,1,4,15,,0,0
ch01,1.2,30,2,52,39,11,11,0
ch01,1.2,30,3,2,,1,0,1
ch01,1.2,31,1,6,10,,0,0
ch01,1.2,31,2,2,,2,2,0
ch01,1.2,32,1,6,10,,0,0
ch01,1.2,32,2,,,4,4,0
ch01,1.2,33,1,6,5,,0,0
ch01,1.2,33,2,12,,3,3,0
ch01,1.2,34,1,6,5,,0,0
ch01,1.2,34,2,12,2,5,5,0
ch01,1.2,35,1,8,3,,0,0
ch01,1.2,35,2,15,,6,6,0
ch01,1.2,36,1,6,4,,0,0
ch01,1.2,36,2,8,,2,2,0
ch01,1.2,37,1,5,3,,0,0
ch01,1.2,37,2,,,4,4,0
ch01,1.2,38,1,7,1,,0,0
ch01,1.2,38,2,8,,4,4,0
ch02,1,1,1,,22,,0,0
ch02,1,1,2,,27,4,4,0
ch02,1,1,3,,5,1,0,1
ch02,1,2,1,,16,,0,0
ch02,1,2,2,,50,8,8,0
ch02,1,3,1,,20,,0,0
ch02,1,3,2,,73,11,11,0
ch02,1,3,3,,26,6,0,6
ch02,1,4,1,,18,,0,0
ch02,1,4,2,,67,8,8,0
ch02,1,4,3,,38,5,0,5
ch02,1,5,1,,13,,0,0
ch02,1,5,2,,32,10,10,0
ch02,1,6,1,,10,,0,0
ch02,1,6,2,,38,10,10,0
ch02,1,6,3,,9,2,0,2
ch02,1,7,1,,18,,0,0
ch02,1,7,2,,58,7,7,0
ch02,1,7,3,,32,7,0,7
ch02,1,8,1,,18,,0,0
ch02,1,8,2,,91,11,11,0
ch02,1,8,3,,19,4,0,4
ch02,1,9,1,,18,,0,0
ch02,1,9,2,,122,13,13,0
ch02,1,9,3,,17,4,0,4
ch02,1,10,1,,21,,0,0
ch02,1,10,2,,160,14,14,0
ch02,1,10,3,,34,5,0,5
ch02,1,11,1,,21,,0,0
ch02,1,11,2,,108,10,10,0
ch02,1,11,3,,54,10,0,10
ch02,1,12,1,,18,,0,0
ch02,1,12,2,,94,10,10,0
ch02,1,12,3,,23,3,0,3
ch02,1,13,1,,23,,0,0
ch02,1,13,2,,49,6,6,0
ch02,1,14,1,,27,,0,0
ch02,1,14,2,1,114,12,12,0
ch02,1,14,3,,21,4,0,4
ch02,1,15,1,,26,,0,0
ch02,1,15,2,1,114,11,11,0
ch02,1,15,3,,54,9,0,9
ch02,1,16,1,,21,,0,0
ch02,1,16,2,,150,12,12,0
ch02,1,17,1,,19,,0,0
ch02,1,17,2,7,196,16,16,0
ch02,1,17,3,,49,5,0,5
ch02,1,18,1,,24,,0,0
ch02,1,18,2,,205,13,13,0
ch02,1,18,3,,3,1,0,1
ch02,1,19,1,,24,,0,0
ch02,1,19,2,,196,18,18,0
ch02,1,19,3,,9,3,0,3
ch02,1,20,1,,21,,0,0
ch02,1,20,2,,174,13,13,0
ch02,1,21,1,,26,,0,0
ch02,1,21,2,3,218,16,16,0
ch02,1,22,1,,21,,0,0
ch02,1,22,2,,221,16,16,0
ch02,1,23,1,,23,,0,0
ch02,1,23,2,4,218,16,16,0
ch02,1,23,3,,4,1,0,1
ch02,1,24,1,,24,,0,0
ch02,1,24,2,,104,9,9,0
ch02,1,25,1,,20,,0,0
ch02,1,25,2,2,198,16,16,0
ch02,1,26,1,,21,,0,0
ch02,1,26,2,7,120,8,8,0
ch02,1,27,1,,16,,0,0
ch02,1,27,2,2,134,10,10,0
ch02,1,28,1,,24,,0,0
ch02,1,28,2,,92,7,7,0
ch02,1,29,1,,16,,0,0
ch02,1,29,2,,119,7,7,0
ch02,1,30,1,,16,,0,0
ch02,1,30,2,4,129,8,8,0
ch02,1,31,1,1,19,,0,0
ch02,1,31,2,,3,1,1,0
ch02,1,32,1,6,12,,0,0
ch02,1,32,2,6,94,10,10,0
ch02,1,33,1,,18,,0,0
ch02,1,33,2,7,90,8,8,0
ch02,1,34,1,6,18,,0,0
ch02,1,34,2,10,106,8,8,0
ch02,1,35,1,2,19,,0,0
ch02,1,35,2,7,76,7,7,0
ch02,1,36,1,3,19,,0,0
ch02,1,37,1,2,20,,0,0
ch02,1,37,2,14,97,9,9,0
ch02,1,37,3,,34,3,0,3
ch02,1,38,1,,18,,0,0
ch02,1,38,2,2,10,3,3,0
ch02,1,39,1,6,19,,0,0
ch02,1,39,2,2,8,1,1,0
ch02,1,40,1,10,16,,0,0
ch02,1,40,2,15,45,9,9,0
ch02,1,40,3,,17,1,0,1
ch02,1,41,1,,15,,0,0
ch02,1,41,2,7,28,3,3,0,
ch02,1,42,1,4,18,,0,0,
ch02,1,42,2,92,122,22,22,0,
ch02,1,42,3,163,32,31,0,31,
ch02,1,43,1,2,20,,0,0,
ch02,1,43,2,41,100,,,0,questionmarks deleted
ch02,1,43,3,23,,6,0,6,
ch02,1,44,1,4,17,,0,0,
ch02,1,44,2,70,85,16,16,0,
ch02,1,44,3,41,,7,0,7,
ch02,1,45,1,5,14,,0,0,
ch02,1,45,2,58,49,13,13,0,
ch02,1,45,3,24,7,5,0,5,
ch02,1,46,1,4,16,,0,0,
ch02,1,46,2,66,72,15,15,0,
ch02,1,46,3,85,32,21,0,21,
ch02,1,47,1,1,14,,0,0
ch02,1,47,2,8,10,2,2,0
ch02,1,48,1,5,5,,0,0
ch02,1,48,2,14,10,6,6,0
ch02,1,48,3,11,,3,0,3
ch02,1,49,1,5,14,,0,0
ch02,1,49,2,27,24,8,8,0
ch02,1,49,3,11,2,3,0,3
ch02,1,50,1,4,10,,0,0
ch02,1,50,2,42,23,11,11,0
ch02,1,50,3,11,,2,0,2
ch02,1,51,1,2,12,,0,0
ch02,1,51,2,9,,2,2,0
ch02,1,52,1,4,12,,0,0
ch02,1,52,2,33,20,9,9,0
ch02,1,53,1,4,9,,0,0
ch02,1,53,2,33,28,8,8,0
ch02,1,54,1,3,10,,0,0
ch02,1,54,2,33,15,9,9,0
ch02,1,55,1,4,10,,0,0
ch02,1,55,2,13,7,3,3,0
ch02,1,56,1,3,9,,0,0
ch02,1,56,2,13,11,6,6,0
ch02,1,57,1,3,8,,0,0
ch02,1,57,2,18,8,6,6,0
ch02,1,58,1,3,5,,0,0
ch02,1,58,2,20,7,6,6,0
ch02,1,59,1,5,6,,0,0
ch02,1,59,2,13,3,4,4,0
ch02,1,60,1,4,3,,0,0
ch02,1,60,2,14,1,4,4,0
ch02,1,61,1,7,,,0,0
ch02,1,62,1,5,,,0,0
ch02,1,62,2,4,,2,2,0
ch02,1,63,1,5,,,0,0
ch02,1,64,1,5,,,0,0
ch02,1,65,1,4,,,0,0
ch02,1,66,1,3,,,0,0
ch03,1,1,1,,14,,0,0
ch03,1,1,2,,32,8,8,0
ch03,1,2,1,,11,,0,0
ch03,1,3,1,,17,,0,0
ch03,1,3,2,,20,4,4,0
ch03,1,4,1,,26,,0,0
ch03,1,4,2,,101,14,14,0
ch03,1,4,3,,32,5,0,5
ch03,1,5,1,,14,,0,0
ch03,1,5,2,,29,7,7,0
ch03,1,6,1,,20,,0,0
ch03,1,6,2,,36,7,7,0
ch03,1,7,1,,5,,0,0
ch03,1,7,2,,7,5,5,0
ch03,1,8,1,,22,,0,0
ch03,1,8,2,,197,18,18,0
ch03,1,8,3,,127,28,0,28
ch03,1,8,4,,36,14,0,0
ch03,1,9,1,,14,,0,0
ch03,1,9,2,,124,12,12,0
ch03,1,9,3,,57,13,0,13
ch03,1,9,4,,27,3,0,0
ch03,1.1,1,1,,8,,0,0
ch03,1.1,2,1,,10,,0,0
ch03,1.1,3,1,,29,,0,0
ch03,1.1,3,2,,6,1,1,0
ch03,1.1,4,1,,8,,0,0
ch03,1.1,4,2,,18,3,3,0
ch03,1.1,5,1,,12,,0,0
ch03,1.1,5,2,,10,3,3,0
ch03,1.1,6,1,,29,,0,0
ch03,1.1,6,2,,28,6,6,0
ch03,1.1,7,1,,18,,0,0
ch03,1.1,7,2,,9,3,3,0
ch03,1.1,8,1,,8,,0,0
ch03,1.1,8,2,,4,1,1,0
ch03,1.1,9,1,,16,,0,0
ch03,1.1,9,2,,40,6,6,0
ch03,1.1,9,3,,26,4,0,4
ch03,1.1,9,4,,5,1,0,0
ch03,1.1,10,1,,,,0,0
ch03,1.1,11,1,,9,,0,0
ch03,1.1,11,2,,25,5,5,0
ch03,1.1,11,3,,7,2,0,2
ch03,1.1,12,1,,8,,0,0
ch03,1.1,13,1,,9,,0,0
ch03,1.1,13,2,,10,2,2,0
ch03,1.1,14,1,,9,,0,0
ch03,1.1,14,2,,6,2,2,0
ch03,1.1,15,1,,18,,0,0
ch03,1.1,15,2,,42,7,7,0
ch03,1.1,15,3,,15,3,0,3
ch03,1.1,16,1,,10,,0,0
ch03,1.1,16,2,,1,1,1,0
ch03,1.1,17,1,,23,,0,0
ch03,1.1,17,2,,124,13,13,0
ch03,1.1,17,3,,98,13,0,13
ch03,1.1,17,4,,8,2,0,0
ch03,1.1,18,1,,10,,0,0
ch03,1.1,18,2,,14,4,4,0
ch03,1.1,19,1,,22,,0,0
ch03,1.1,19,2,,179,18,18,0
ch03,1.1,19,3,,152,25,0,25
ch03,1.1,20,1,,19,,0,0
ch03,1.1,20,2,,73,10,10,0
ch03,1.1,20,3,,17,5,0,5
ch03,1.1,21,1,,20,,0,0
ch03,1.1,21,2,,98,14,14,0
ch03,1.1,21,3,,16,3,0,3
ch03,1.1,22,1,,22,,0,0
ch03,1.1,22,2,,59,7,7,0
ch03,1.1,22,3,,3,1,0,1
ch03,1.1,23,1,,22,,0,0
ch03,1.1,23,2,,64,9,9,0
ch03,1.1,23,3,,7,1,0,1
ch03,1.1,24,1,,22,,0,0
ch03,1.1,24,2,,61,9,9,0
ch03,1.1,24,3,,4,1,0,1
ch03,1.1,25,1,,26,,0,0
ch03,1.1,25,2,,180,18,18,0
ch03,1.1,25,3,,60,7,0,7
ch03,1.1,26,1,,14,,0,0
ch03,1.1,26,2,,36,6,6,0
ch03,1.1,27,1,,22,,0,0
ch03,1.1,27,2,,138,12,12,0
ch03,1.1,27,3,,14,2,0,2
ch03,1.1,28,1,,20,,0,0
ch03,1.1,28,2,,71,7,7,0
ch03,1.1,29,1,,23,,0,0
ch03,1.1,29,2,,85,8,8,0
ch03,1.1,30,1,,16,,0,0
ch03,1.1,30,2,,31,3,3,0
ch03,1.1,31,1,,20,,0,0
ch03,1.1,31,2,4,174,14,14,0
ch03,1.1,32,1,,16,,0,0
ch03,1.1,32,2,,19,1,1,0
ch03,1.1,33,1,,22,,0,0
ch03,1.1,33,2,,140,9,9,0
ch03,1.1,33,3,,13,1,0,1
ch03,1.1,34,1,,22,,0,0
ch03,1.1,34,2,,43,4,4,0
ch03,1.1,35,1,5,24,,0,0
ch03,1.1,35,2,58,292,29,29,0
ch03,1.1,35,3,68,71,31,0,31
ch03,1.1,36,1,,20,,0,0
ch03,1.1,36,2,,81,6,6,0
ch03,1.1,37,1,,17,,0,0
ch03,1.1,37,2,4,45,4,4,0
ch03,1.1,38,1,,18,,0,0
ch03,1.1,38,2,4,27,2,2,0
ch03,1.1,39,1,5,19,,0,0
ch03,1.1,39,2,26,86,13,13,0
ch03,1.1,39,3,12,6,5,0,5
ch03,1.1,39,4,3,,1,0,0
ch03,1.1,40,1,3,17,,0,0
ch03,1.1,40,2,22,54,10,10,0
ch03,1.1,40,3,9,,2,0,2
ch03,1.1,41,1,3,14,,0,0
ch03,1.1,41,2,4,54,8,8,0
ch03,1.1,41,3,4,,2,0,2
ch03,1.1,42,1,,15,,0,0
ch03,1.1,42,2,11,30,7,7,0
ch03,1.1,42,3,3,,1,0,1
ch03,1.1,43,1,6,17,,0,0
ch03,1.1,43,2,,45,15,15,0
ch03,1.1,43,3,23,38,3,0,3
ch03,1.1,44,1,4,17,,0,0
ch03,1.1,44,2,35,51,13,13,0
ch03,1.1,44,3,23,,6,0,6
ch03,1.1,44,4,7,,2,0,0
ch03,1.1,45,1,,11,,0,0
ch03,1.1,45,2,3,21,5,5,0
ch03,1.1,46,1,4,12,,0,0
ch03,1.1,46,2,32,14,11,11,0
ch03,1.1,46,3,32,,9,0,9
ch03,1.1,47,1,3,15,,0,0
ch03,1.1,47,2,19,39,10,10,0
ch03,1.1,47,3,15,16,10,0,10
ch03,1.1,47,4,5,,1,0,0
ch03,1.1,48,1,4,13,,0,0
ch03,1.1,48,2,30,44,14,14,0
ch03,1.1,48,3,20,9,6,0,6
ch03,1.1,49,1,,11,,0,0
ch03,1.1,49,2,2,8,4,4,0
ch03,1.1,49,3,,,2,0,2
ch03,1.1,50,1,2,10,,0,0
ch03,1.1,50,2,7,16,8,8,0
ch03,1.1,51,1,4,8,,0,0
ch03,1.1,51,2,22,21,9,9,0
ch03,1.1,51,3,8,12,3,0,3
ch03,1.1,52,1,4,7,,0,0
ch03,1.1,52,2,17,18,9,9,0
ch03,1.1,52,3,2,3,1,0,1
ch03,1.1,53,1,6,6,,0,0
ch03,1.1,53,2,14,8,6,6,0
ch03,1.1,54,1,5,6,,0,0
ch03,1.1,54,2,13,12,7,7,0
ch03,1.1,55,1,4,3,,0,0
ch03,1.1,55,2,13,3,5,5,0
ch03,1.1,56,1,3,3,,0,0
ch03,1.1,56,2,,,2,2,0
ch03,1.1,57,1,4,3,,0,0
ch03,1.1,57,2,6,,2,2,0
ch03,1.1,58,1,4,4,,0,0
ch03,1.1,58,2,,,1,1,0
ch03,1.1,59,1,6,,,0,0
ch03,1.1,60,1,5,,,0,0
ch03,1.1,61,1,5,,,0,0
ch03,1.1,62,1,3,,,0,0
ch03,1.1,63,1,,,1,0,0
ch03,1.1,64,1,,,1,0,0
ch03,1.1,65,1,,,1,0,0
ch03,1.2,1,1,4,15,,0,0
ch03,1.2,2,1,,13,,0,0
ch03,1.2,2,2,,127,18,18,0
ch03,1.2,2,2,3,136,16,16,0
ch03,1.2,2,3,,64,10,0,10
ch03,1.2,3,1,,22,,0,0
ch03,1.2,3,2,,85,13,13,0
ch03,1.2,3,3,,51,6,0,6
ch03,1.2,3,4,,14,2,0,0
ch03,1.2,3,5,,3,1,0,0
ch03,1.2,4,1,,7,,0,0
ch03,1.2,5,1,,21,,0,0
ch03,1.2,5,2,,74,10,10,0
ch03,1.2,5,3,,109,12,0,12
ch03,1.2,5,4,,4,1,0,0
ch03,1.2,6,1,,20,,0,0
ch03,1.2,6,2,,18,4,4,0
ch03,1.2,6,3,,11,2,0,2
ch03,1.2,7,1,,20,,0,0
ch03,1.2,7,2,,120,12,12,0
ch03,1.2,7,3,,209,18,0,18
ch03,1.2,7,4,,20,8,0,0
ch03,1.2,7,5,,4,1,0,0
ch03,1.2,8,1,,22,,0,0
ch03,1.2,8,2,,26,3,3,0
ch03,1.2,9,1,,11,,0,0
ch03,1.2,9,2,,4,1,1,0
ch03,1.2,10,1,,5,,0,0
ch03,1.2,11,1,,18,,0,0
ch03,1.2,11,2,,6,2,2,0
ch03,1.2,11,3,,8,2,0,2
ch03,1.2,12,1,,23,,0,0
ch03,1.2,12,2,,126,10,10,0
ch03,1.2,12,3,,117,13,0,13
ch03,1.2,12,4,,5,1,0,0
ch03,1.2,13,1,,12,,0,0
ch03,1.2,13,2,,30,5,5,0
ch03,1.2,13,3,,10,2,0,2
ch03,1.2,14,1,,18,,0,0
ch03,1.2,14,2,,26,2,2,0
ch03,1.2,15,1,,17,,0,0
ch03,1.2,15,2,,221,18,18,0
ch03,1.2,15,3,,399,40,0,40
ch03,1.2,15,4,,26,6,0,0
ch03,1.2,16,1,,14,,0,0
ch03,1.2,17,1,,24,,0,0
ch03,1.2,17,2,,156,13,13,0
ch03,1.2,17,3,,2,1,0,1
ch03,1.2,18,1,,25,,0,0
ch03,1.2,18,2,,93,8,8,0
ch03,1.2,19,1,,9,,0,0
ch03,1.2,19,2,,6,1,1,0
ch03,1.2,20,1,,23,,0,0
ch03,1.2,20,2,,50,7,7,0
ch03,1.2,21,1,,8,,0,0
ch03,1.2,22,1,,26,,0,0
ch03,1.2,22,2,,181,18,18,0
ch03,1.2,22,3,,26,4,0,4
ch03,1.2,23,1,,16,,0,0
ch03,1.2,24,1,,19,,0,0
ch03,1.2,24,2,,103,9,9,0
ch03,1.2,25,1,,20,,0,0
ch03,1.2,26,1,,18,,0,0
ch03,1.2,26,2,,60,5,5,0
ch03,1.2,27,1,,18,,0,0
ch03,1.2,27,2,,25,4,4,0
ch03,1.2,28,1,,18,,0,0
ch03,1.2,28,2,,49,5,5,0
ch03,1.2,29,1,,19,,0,0
ch03,1.2,29,2,,33,3,3,0
ch03,1.2,30,1,,18,,0,0
ch03,1.2,30,2,,92,6,6,0
ch03,1.2,31,1,,16,,0,0
ch03,1.2,31,2,,38,4,4,0
ch03,1.2,32,1,,16,,0,0
ch03,1.2,32,2,,10,1,1,0
ch03,1.2,33,1,,16,,0,0
ch03,1.2,33,2,,15,2,2,0
ch03,1.2,34,1,,14,,0,0
ch03,1.2,34,2,,8,1,1,0
ch03,1.2,35,1,,13,,0,0
ch03,1.2,35,2,,9,2,2,0
ch03,1.2,36,1,,11,,0,0
ch03,1.2,36,2,,27,,0,0
ch03,1.2,37,1,,10,,0,0
ch03,1.2,37,2,,22,3,3,0
ch03,1.2,38,1,,8,,0,0
ch03,1.2,38,2,,5,1,1,0
ch03,1.2,39,1,,9,,0,0
ch03,1.2,40,1,,7,,0,0
ch03,1.2,41,1,,6,,0,0
ch03,1.2,42,1,,4,,0,0
ch03,1.2,43,1,,3,,0,0
ch03,1.2,44,1,,1,,0,0
ch03,1.2,45,1,,0,,0,0
ch04,1,1,1,,23,,0,0
ch04,1,1,2,2,210,17,17,0
ch04,1,1,3,10,91,15,0,15
ch04,1,2,1,,4,,0,0
ch04,1,2,2,,11,3,3,0
ch04,1,3,1,,4,,0,0
ch04,1,3,2,6,3,1,1,0
ch04,1,5,1,,26,,0,0
ch04,1,5,2,,105,8,8,0
ch04,1,5,3,,19,2,0,2
ch04,1,6,1,,7,,0,0
ch04,1,6,2,,16,3,3,0
ch04,1,7,1,4,16,,0,0
ch04,1,7,2,,27,5,5,0
ch04,1,7,3,,21,3,0,3
ch04,1,7,4,,7,2,0,0
ch04,1,8,1,,23,,0,0
ch04,1,8,2,6,76,8,8,0
ch04,1,8,3,,8,1,0,1
ch04,1,9,1,,13,,0,0
ch04,1,9,2,,28,5,5,0
ch04,1,9,3,3,61,11,0,11
ch04,1,9,4,2,,1,0,0
ch04,1.1.1,1,1,,15,,0,0
ch04,1.1.1,1,2,,10,1,1,0
ch04,1.1.1,2,1,,18,,0,0
ch04,1.1.1,3,1,,15,,0,0
ch04,1.1.1,4,1,,1,,0,0
ch04,1.1.1,5,1,,16,,0,0
ch04,1.1.1,5,2,,33,4,4,0
ch04,1.1.1,6,1,2,22,,0,0
ch04,1.1.1,6,2,12,101,12,12,0
ch04,1.1.1,6,3,,10,2,0,2
ch04,1.1.1,7,1,,21,,0,0
ch04,1.1.1,7,2,,54,6,6,0
ch04,1.1.1,8,1,,17,,0,0
ch04,1.1.1,8,2,,78,9,9,0
ch04,1.1.1,9,1,,13,,0,0
ch04,1.1.1,10,1,,14,,0,0
ch04,1.1.1,10,2,,22,2,2,0
ch04,1.1.1,11,1,,16,,0,0
ch04,1.1.1,11,2,,9,1,1,0
ch04,1.1.1,12,1,,19,,0,0
ch04,1.1.1,13,1,,10,,0,0
ch04,1.1.1,14,1,,15,,0,0
ch04,1.1.1,15,1,,15,,0,0
ch04,1.1.1,15,2,,3,1,1,0
ch04,1.1.1,16,1,,18,,0,0
ch04,1.1.1,16,2,,8,2,2,0
ch04,1.1.1,17,1,7,11,,0,0
ch04,1.1.1,17,2,8,21,2,2,0
ch04,1.1.1,18,1,6,18,,0,0
ch04,1.1.1,18,2,,3,1,1,0
ch04,1.1.1,19,1,,17,,0,0
ch04,1.1.1,19,2,,4,1,1,0
ch04,1.1.1,20,1,7,13,,0,0
ch04,1.1.1,20,2,18,20,9,9,0
ch04,1.1.1,21,1,4,12,,0,0
ch04,1.1.1,21,2,,7,1,1,0
ch04,1.1.1,22,1,6,13,,0,0
ch04,1.1.1,22,2,23,31,8,8,0
ch04,1.1.1,23,1,9,9,,0,0
ch04,1.1.1,23,2,7,13,4,4,0
ch04,1.1.1,24,1,4,10,,0,0
ch04,1.1.1,25,1,9,6,,0,0
ch04,1.1.1,26,1,2,12,,0,0
ch04,1.1.1,26,2,,4,,0,0
ch04,1.1.1,27,1,6,4,,0,0
ch04,1.1.1,28,1,6,7,,0,0
ch04,1.1.1,28,2,36,14,8,8,0
ch04,1.1.1,29,1,8,,,0,0
ch04,1.1.1,29,2,25,4,5,5,0
ch04,1.1.1,30,1,8,7,,0,0
ch04,1.1.1,30,2,34,,5,5,0
ch04,1.1.1,31,1,8,2,,0,0
ch04,1.1.1,32,1,6,4,,0,0
ch04,1.1.1,32,1,30,,6,0,0
ch04,1.1.1,33,1,8,1,,0,0
ch04,1.1.1,33,2,4,,1,1,0
ch04,1.1.1,34,1,5,2,,0,0,
ch04,1.1.1,34,2,2,1,1,1,0,
ch04,1.1.1,35,1,4,,,0,0,
ch04,1.1.1,36,1,4,,,0,0,
ch04,1.1.1,37,1,8,,,0,0,
ch04,1.1.1,38,1,6,,,0,0,
ch04,1.1.1,39,1,1,,,0,0,
ch04,1.1.1,40,1,4,,,0,0,
ch04,1.1.1,41,1,2,,,0,0,
ch04,1.1.2,1,1,,23,,0,0,
ch04,1.1.2,2,1,,11,,0,0,
ch04,1.1.2,2,2,,5,1,1,0,
ch04,1.1.2,3,1,,17,,0,0,nrs 3 and 4 were switched (RAD)
ch04,1.1.2,3,2,3,196,19,19,0,
ch04,1.1.2,4,1,,12,,0,0,
ch04,1.1.2,5,1,,13,,0,0,
ch04,1.1.2,6,1,,13,,0,0
ch04,1.1.2,6,2,,4,1,1,0
ch04,1.1.2,7,1,,10,,0,0
ch04,1.1.2,7,2,,6,1,1,0
ch04,1.1.2,8,1,,7,,0,0
ch04,1.1.2,9,1,,16,,0,0
ch04,1.1.2,10,1,,9,,0,0
ch04,1.1.2,11,1,,1,,0,0
ch04,1.1.2,12,1,,32,,0,0
ch04,1.1.2,12,2,,14,3,3,0
ch04,1.1.2,13,1,,15,,0,0
ch04,1.1.2,14,1,,13,,0,0
ch04,1.1.2,15,1,,15,,0,0
ch04,1.1.2,16,1,,16,,0,0
ch04,1.1.2,16,2,,8,1,1,0
ch04,1.1.2,17,1,,13,,0,0
ch04,1.1.2,18,1,6,14,,0,0
ch04,1.1.2,19,1,6,14,,0,0
ch04,1.1.2,20,1,8,9,,0,0
ch04,1.1.2,21,1,,8,,0,0
ch04,1.1.2,22,1,7,11,,0,0
ch04,1.1.2,23,1,4,7,,0,0
ch04,1.1.2,24,1,6,6,,0,0
ch04,1.1.2,25,1,4,7,,0,0
ch04,1.1.2,25,2,,4,1,1,0
ch04,1.1.2,26,1,5,6,,0,0
ch04,1.1.2,26,2,24,,,0,0
ch04,1.1.2,27,1,4,2,5,0,0
ch04,1.1.2,27,2,8,,,0,0
ch04,1.1.2,28,1,6,3,2,0,0
ch04,1.1.2,28,2,9,3,,0,0
ch04,1.1.2,29,1,3,4,2,0,0
ch04,1.1.2,30,1,2,3,,0,0
ch04,1.1.2,30,2,2,,1,1,0
ch04,1.1.2,31,1,2,,,0,0
ch04,1.1.2,32,1,5,,,0,0
ch04,1.1.2,33,1,2,,,0,0
ch04,1.1.2,34,1,1,,,0,0
ch04,1.1.2,35,1,2,,,0,0
ch04,1.1.2,36,1,2,,,0,0
ch04,1.2,1,1,,10,,0,0
ch04,1.2,2,1,,11,,0,0
ch04,1.2,2,2,,22,3,3,0
ch04,1.2,3,1,8,20,,0,0
ch04,1.2,3,2,,34,2,2,0
ch04,1.2.1,1,1,,10,,0,0
ch04,1.2.1,2,1,,13,,0,0
ch04,1.2.1,3,1,,17,,0,0
ch04,1.2.1,3,2,10,17,4,4,0
ch04,1.2.1,4,1,,20,,0,0
ch04,1.2.1,5,1,,21,,0,0
ch04,1.2.1,6,1,,32,,0,0
ch04,1.2.1,7,1,,22,,0,0
ch04,1.2.1,7,2,,13,2,2,0
ch04,1.2.1,8,1,,25,,0,0
ch04,1.2.1,9,1,,23,,0,0
ch04,1.2.1,9,2,,4,1,1,0
ch04,1.2.1,10,1,,22,,0,0
ch04,1.2.1,10,2,,17,3,3,0
ch04,1.2.1,11,1,,20,,0,0
ch04,1.2.1,12,1,,9,,0,0
ch04,1.2.1,12,2,,9,2,2,0
ch04,1.2.1,13,1,,8,,0,0
ch04,1.2.1,13,2,,7,2,2,0
ch04,1.2.1,14,1,,19,,0,0
ch04,1.2.1,14,2,,24,1,1,0
ch04,1.2.1,15,1,,13,,0,0
ch04,1.2.1,15,2,,7,1,1,0
ch04,1.2.1,16,1,8,16,,0,0
ch04,1.2.1,16,2,,9,,0,0
ch04,1.2.1,17,1,,10,,0,0
ch04,1.2.1,18,1,5,14,,0,0
ch04,1.2.1,19,1,,11,,0,0
ch04,1.2.1,20,1,2,10,,0,0
ch04,1.2.1,20,2,3,,1,1,0
ch04,1.2.1,21,1,6,10,,0,0
ch04,1.2.1,22,1,,4,,0,0
ch04,1.2.1,23,1,5,11,,0,0
ch04,1.2.1,23,2,2,8,3,3,0
ch04,1.2.1,24,1,5,10,,0,0
ch04,1.2.1,24,2,4,10,2,2,0
ch04,1.2.1,25,1,2,10,,0,0
ch04,1.2.1,25,2,3,,1,1,0
ch04,1.2.1,26,1,6,5,,0,0
ch04,1.2.1,26,2,26,12,7,7,0
ch04,1.2.1,27,1,2,6,,0,0
ch04,1.2.1,27,2,7,7,2,2,0
ch04,1.2.1,28,1,3,4,,0,0
ch04,1.2.1,28,2,4,,1,1,0
ch04,1.2.1,29,1,5,5,,0,0
ch04,1.2.1,30,1,5,4,,0,0
ch04,1.2.1,30,2,3,2,1,1,0
ch04,1.2.1,31,1,5,4,,0,0
ch04,1.2.1,32,1,4,3,,0,0
ch04,1.2.1,33,1,,2,,0,0
ch04,1.2.1,34,1,4,2,,0,0
ch04,1.2.1,35,1,3,1,,0,0
ch04,1.2.1,36,1,,5,,0,0
ch04,1.2.1,37,1,3,1,,0,0
ch04,1.2.1,38,1,1,,,0,0
ch04,1.2.1,39,1,1,,,0,0
ch04,1.2.1,40,1,1,,,0,0
ch04,1.2.1,41,1,1,,,0,0
ch04,1.2.2,1,1,,23,,0,0
ch04,1.2.2,1,2,,80,,0,0
ch04,1.2.2,2,1,,20,,0,0
ch04,1.2.2,3,1,,12,,0,0
ch04,1.2.2,4,1,,8,,0,0
ch04,1.2.2,5,1,,18,,0,0
ch04,1.2.2,5,2,,11,,0,0
ch04,1.2.2,6,1,,10,,0,0
ch04,1.2.2,7,1,,15,,0,0
ch04,1.2.2,8,1,,14,,0,0
ch04,1.2.2,9,1,,13,,0,0
ch04,1.2.2,10,1,,10,,0,0
ch04,1.2.2,11,1,,9,,0,0
ch04,1.2.2,12,1,,17,,0,0
ch04,1.2.2,13,1,,14,,0,0
ch04,1.2.2,14,1,,11,,0,0
ch04,1.2.2,15,1,3,9,,0,0
ch04,1.2.2,16,1,,15,,0,0
ch04,1.2.2,16,2,,5,1,1,0
ch04,1.2.2,17,1,,10,,0,0
ch04,1.2.2,18,1,8,4,,0,0
ch04,1.2.2,19,1,3,8,,0,0
ch04,1.2.2,19,2,4,,1,1,0
ch04,1.2.2,20,1,4,8,,0,0
ch04,1.2.2,20,2,5,2,1,1,0
ch04,1.2.2,21,1,4,8,,0,0,
ch04,1.2.2,22,1,9,,,0,0,
ch04,1.2.2,23,1,4,6,,0,0,
ch04,1.2.2,23,2,4,,1,1,0,
ch04,1.2.2,24,1,5,3,,0,0,
ch04,1.2.2,25,1,8,,,0,0,
ch04,1.2.2,26,1,8,,,0,0,
ch04,1.2.2,27,1,6,,,0,0,
ch04,1.2.2,28,1,6,,,0,0,
ch04,1.2.2,29,1,3,,,0,0,
ch04,1.2.2,30,1,3,,,0,0,
ch05,1,1,1,,5,,0,0,
ch05,1,1,2,,3,1,1,0,
ch05,1,2,,,,,0,0,broken
ch05,1,3,1,,4,,0,0,
ch05,1,4,1,,10,,0,0,
ch05,1,5,1,,0,,0,0
ch05,1,6,1,,7,,0,0
ch05,1,7,1,,13,,0,0
ch05,1,7,2,,1,,0,0
ch05,1,7,3,,4,,0,0
ch05,1,8,1,,5,,0,0
ch05,1,8,2,,8,,0,0
ch05,1,9,1,,9,,0,0
ch05,1,9,2,34,1,5,5,0
ch05,1,10,1,,18,,0,0
ch05,1,10,2,,50,6,6,0
ch05,1,10,3,9,4,2,0,2
ch05,1,11,1,,21,,0,0
ch05,1,11,2,,31,3,3,0
ch05,1,11,3,2,36,5,0,5
ch05,1,11,4,,12,2,0,0
ch05,1,12,1,,12,,0,0
ch05,1,12,2,,90,11,11,0
ch05,1,12,3,14,30,9,0,9
ch05,1,12,4,,25,4,0,0
ch05,1,13,1,,16,,0,0
ch05,1,13,2,,58,6,6,0
ch05,1,13,3,,8,2,0,2
ch05,1,14,1,4,21,,0,0
ch05,1,14,2,8,150,19,19,0
ch05,1,14,3,5,72,12,0,12
ch05,1,15,1,,22,1,0,0
ch05,1,15,2,,64,7,7,0
ch05,1,15,3,,34,6,0,6
ch05,1,16,1,,22,1,0,0
ch05,1,16,2,27,165,25,25,0
ch05,1,16,3,,66,7,0,7
ch05,1,17,1,,14,1,0,0
ch05,1,17,2,5,69,7,7,0
ch05,1,17,3,,58,8,0,8
ch05,1,18,1,,18,1,0,0
ch05,1,18,2,8,146,10,10,0
ch05,1,18,3,10,45,9,0,9
ch05,1,19,1,,18,1,0,0
ch05,1,19,2,,34,3,3,0
ch05,1,19,3,,4,1,0,1
ch05,1,20,1,,6,1,0,0
ch05,1,20,2,11,305,29,29,0
ch05,1,20,3,67,534,78,0,78
ch05,1,20,4,18,61,15,0,0
ch05,1,21,1,5,18,1,0,0
ch05,1,21,2,,55,6,6,0
ch05,1,21,3,,68,7,0,7
ch05,1,22,1,,12,1,0,0
ch05,1,22,2,,34,5,5,0
ch05,1,22,3,,28,3,0,3
ch05,1,23,1,7,17,1,0,0
ch05,1,23,2,,87,8,8,0
ch05,1,23,3,,15,2,0,2
ch05,1.1,1,1,,18,1,0,0
ch05,1.1,1,2,,7,2,2,0
ch05,1.1,2,1,9,16,1,0,0
ch05,1.1,2,2,14,24,6,6,0
ch05,1.1,3,1,,16,1,0,0
ch05,1.1,3,2,,7,1,1,0
ch05,1.1,4,1,6,15,1,0,0
ch05,1.1,4,2,,13,2,2,0
ch05,1.1,5,1,,16,1,0,0
ch05,1.1,5,2,,28,4,4,0
ch05,1.1,6,1,14,13,1,0,0
ch05,1.1,6,2,17,32,4,4,0
ch05,1.1,6,3,20,,3,0,3
ch05,1.1,7,1,,18,1,0,0
ch05,1.1,7,2,,41,5,5,0
ch05,1.1,7,3,3,,1,0,1
ch05,1.1,8,1,4,18,1,0,0
ch05,1.1,8,2,5,6,1,1,0
ch05,1.1,8,3,4,,1,0,1
ch05,1.1,9,1,6,13,1,0,0
ch05,1.1,10,1,9,12,1,0,0
ch05,1.1,10,2,12,1,3,3,0
ch05,1.1,11,1,5,12,1,0,0
ch05,1.1,11,2,18,2,4,4,0
ch05,1.1,12,1,4,15,1,0,0
ch05,1.1,12,2,38,,1,1,0
ch05,1.1,12,3,22,,3,0,3
ch05,1.1,13,1,2,17,1,0,0
ch05,1.1,13,2,,1,7,7,0
ch05,1.1,13,3,14,,3,0,3
ch05,1.1,14,1,7,14,1,0,0
ch05,1.1,14,2,45,,9,9,0
ch05,1.1,14,3,63,,11,0,11
ch05,1.1,15,1,7,9,1,0,0
ch05,1.1,15,2,37,,8,8,0
ch05,1.1,15,3,17,,3,0,3
ch05,1.1,16,1,4,10,1,0,0
ch05,1.1,16,2,69,,8,8,0
ch05,1.1,16,3,21,,4,0,4
ch05,1.1,17,1,6,7,1,0,0
ch05,1.1,17,2,19,,3,3,0
ch05,1.1,17,3,25,,4,0,4
ch05,1.1,18,1,10,30,1,0,0
ch05,1.1,18,2,54,,8,8,0
ch05,1.1,18,3,28,,5,0,5
ch05,1.1,19,1,6,6,1,0,0
ch05,1.1,19,2,31,,7,7,0
ch05,1.1,19,3,22,,3,0,3
ch05,1.1,20,1,16,,1,0,0
ch05,1.1,20,2,39,,6,6,0
ch05,1.1,20,3,18,,3,0,3
ch05,1.1,21,1,8,1,1,0,0
ch05,1.1,21,2,25,,4,4,0
ch05,1.1,21,3,13,,3,0,3
ch05,1.1,22,1,5,,1,0,0
ch05,1.1,22,2,18,,4,4,0
ch05,1.1,22,3,5,,1,0,1
ch05,1.1,23,1,8,,1,0,0
ch05,1.1,23,2,14,,3,3,0
ch05,1.1,24,1,6,,1,0,0
ch05,1.1,24,2,11,,2,2,0
ch05,1.1,25,1,,,1,0,0
ch05,1.1,26,1,8,,1,0,0
ch05,1.1,26,2,2,,2,2,0
ch05,1.1,27,1,7,,1,0,0
ch05,1.1,27,2,5,,1,1,0
ch05,1.1,28,1,8,,1,0,0
ch05,1.1,28,2,2,,1,1,0
ch05,1.1,29,1,5,,1,0,0
ch05,1.1,29,2,4,,1,1,0
ch05,1.1,30,1,6,,1,0,0
ch05,1.1,31,1,4,,1,0,0
ch05,1.2.2,1,1,,11,1,0,0
ch05,1.2.2,2,1,,16,1,0,0
ch05,1.2.2,3,1,,13,1,0,0
ch05,1.2.2,4,1,,13,1,0,0
ch05,1.2.2,5,1,,18,1,0,0
ch05,1.2.2,6,1,7,16,1,0,0
ch05,1.2.2,6,2,6,3,2,2,0
ch05,1.2.2,7,1,4,17,1,0,0
ch05,1.2.2,8,1,5,15,1,0,0
ch05,1.2.2,8,2,18,,3,3,0
ch05,1.2.2,9,1,,11,1,0,0
ch05,1.2.2,9,2,8,3,2,2,0
ch05,1.2.2,9,3,8,,2,0,2
ch05,1.2.2,10,1,,8,1,0,0
ch05,1.2.2,11,1,10,10,1,0,0
ch05,1.2.2,11,2,17,,3,3,0
ch05,1.2.2,11,3,6,,2,0,2
ch05,1.2.2,12,1,7,7,1,0,0
ch05,1.2.2,12,2,11,,4,4,0
ch05,1.2.2,12,3,4,,1,0,1
ch05,1.2.2,13,1,10,8,1,0,0
ch05,1.2.2,13,2,21,,4,4,0
ch05,1.2.2,14,1,4,7,1,0,0
ch05,1.2.2,14,2,27,,3,3,0
ch05,1.2.2,14,3,10,,2,0,2
ch05,1.2.2,15,1,6,9,1,0,0
ch05,1.2.2,15,2,29,,5,5,0
ch05,1.2.2,15,3,15,,3,0,3
ch05,1.2.2,16,1,7,7,1,0,0
ch05,1.2.2,16,2,35,2,6,6,0
ch05,1.2.2,16,3,26,4,5,0,5
ch05,1.2.2,17,1,3,9,1,0,0
ch05,1.2.2,17,2,22,,6,6,0
ch05,1.2.2,18,1,6,6,1,0,0
ch05,1.2.2,18,2,33,,5,5,0
ch05,1.2.2,18,3,28,,5,0,5
ch05,1.2.2,18,4,2,,1,0,0
ch05,1.2.2,19,1,3,5,1,0,0
ch05,1.2.2,19,2,24,,5,5,0
ch05,1.2.2,19,3,6,,2,0,2
ch05,1.2.2,20,1,7,6,1,0,0
ch05,1.2.2,20,2,42,,6,6,0
ch05,1.2.2,20,3,4,6,2,0,2
ch05,1.2.2,21,1,4,5,1,0,0
ch05,1.2.2,21,2,4,4,1,1,0
ch05,1.2.2,22,1,5,5,1,0,0
ch05,1.2.2,22,2,39,15,8,8,0
ch05,1.2.2,22,3,18,27,6,0,6
ch05,1.2.2,23,1,,,1,0,0
ch05,1.2.2,24,1,4,3,1,0,0
ch05,1.2.2,24,2,9,6,3,3,0
ch05,1.2.2,25,1,2,4,1,0,0
ch05,1.2.2,25,2,5,2,1,1,0
ch05,1.2.2,26,1,4,3,1,0,0
ch05,1.2.2,26,2,8,10,3,3,0
ch05,1.2.2,27,1,5,5,1,0,0
ch05,1.2.2,27,2,4,2,1,1,0
ch05,1.2.2,28,1,4,3,1,0,0
ch05,1.2.2,29,1,4,4,1,0,0
ch05,1.2.2,30,1,4,2,1,0,0
ch05,1.2.2,31,1,7,,1,0,0
ch05,1.2.2,32,1,6,,1,0,0
ch05,1.2.2,33,1,4,,1,0,0
ch05,1.2.2,34,1,,,1,0,0
ch05,1.2.1,1,1,4,17,1,0,0
ch05,1.2.1,1,2,81,114,19,19,0
ch05,1.2.1,1,3,74,30,20,0,20
ch05,1.2.1,1,4,4,,2,0,0
ch05,1.2.1,2,1,,25,1,0,0
ch05,1.2.1,2,2,,33,4,4,0
ch05,1.2.1,3,1,,11,1,0,0
ch05,1.2.1,3,2,,13,2,2,0
ch05,1.2.1,4,1,,16,1,0,0
ch05,1.2.1,4,2,,5,1,1,0
ch05,1.2.1,5,1,3,17,1,0,0
ch05,1.2.1,5,2,9,30,6,6,0
ch05,1.2.1,6,1,,11,1,0,0
ch05,1.2.1,7,1,,15,1,0,0
ch05,1.2.1,8,1,2,20,1,0,0
ch05,1.2.1,8,2,4,4,2,2,0
ch05,1.2.1,9,1,2,16,1,0,0
ch05,1.2.1,9,2,23,14,4,4,0
ch05,1.2.1,9,3,14,,3,0,3
ch05,1.2.1,10,1,5,21,1,0,0
ch05,1.2.1,10,2,9,15,4,4,0
ch05,1.2.1,10,3,9,,2,0,2
ch05,1.2.1,11,1,,16,1,0,0
ch05,1.2.1,11,2,19,25,11,11,0
ch05,1.2.1,11,3,22,11,11,0,11
ch05,1.2.1,12,1,2,13,1,0,0
ch05,1.2.1,12,2,5,,1,1,0
ch05,1.2.1,13,1,,13,1,0,0
ch05,1.2.1,13,2,28,14,9,9,0
ch05,1.2.1,13,3,31,,5,0,5
ch05,1.2.1,14,1,,13,1,0,0
ch05,1.2.1,14,2,3,,1,1,0
ch05,1.2.1,14,3,6,,1,0,1
ch05,1.2.1,15,1,5,12,1,0,0
ch05,1.2.1,15,2,24,8,10,10,0
ch05,1.2.1,15,3,48,,10,0,10
ch05,1.2.1,16,1,1,7,1,0,0
ch05,1.2.1,16,2,23,,5,5,0
ch05,1.2.1,16,3,9,,2,0,2
ch05,1.2.1,17,1,4,15,1,0,0
ch05,1.2.1,17,2,54,24,13,13,0
ch05,1.2.1,17,3,77,8,15,0,15
ch05,1.2.1,18,1,3,8,1,0,0
ch05,1.2.1,18,2,27,,4,4,0
ch05,1.2.1,18,3,20,,3,0,3
ch05,1.2.1,18,4,5,,1,0,0
ch05,1.2.1,19,1,1,8,1,0,0
ch05,1.2.1,19,2,64,15,12,12,0
ch05,1.2.1,19,3,47,9,8,0,8
ch05,1.2.1,19,4,4,,1,0,0
ch05,1.2.1,20,1,6,3,1,0,0
ch05,1.2.1,21,1,5,11,1,0,0
ch05,1.2.1,21,2,33,5,10,10,0
ch05,1.2.1,21,3,50,,9,0,9
ch05,1.2.1,22,1,4,7,1,0,0
ch05,1.2.1,22,2,21,6,5,5,0
ch05,1.2.1,22,3,21,3,4,0,4
ch05,1.2.1,23,1,5,3,1,0,0
ch05,1.2.1,23,2,7,,2,2,0
ch05,1.2.1,24,1,6,,1,0,0
ch05,1.2.1,24,2,26,,7,7,0
ch05,1.2.1,25,1,5,,1,0,0
ch05,1.2.1,25,2,17,,3,3,0
ch05,1.2.1,25,3,6,,1,0,1
ch05,1.2.1,26,1,6,,1,0,0
ch05,1.2.1,26,2,8,,2,2,0
ch05,1.2.1,27,1,8,,1,0,0
ch05,1.2.1,27,2,6,,1,1,0
ch05,1.2.1,28,1,5,,1,0,0
ch05,1.2.1,29,1,9,,1,0,0
ch05,1.2.1,30,1,6,,1,0,0
ch05,1.2.1,31,1,7,,1,0,0
ch05,1.2.1,32,1,8,,1,0,0
ch05,1.2.1,32,2,1,,1,1,0
ch05,1.2.1,33,1,5,,1,0,0
ch05,1.2.1,34,1,4,,1,0,0
ch05,1.2.1,35,1,4,,1,0,0
ch05,1.2.1,36,1,3,,1,0,0
ch05,1.2.1,37,1,3,,1,0,0
ch06,1,1,1,,8,,0,0
ch06,1,1,2,,6,2,2,0
ch06,1,2,1,,10,,0,0
ch06,1,2,2,,20,3,3,0
ch06,1,3,1,,,,0,0
ch06,1,4,1,,,,0,0
ch06,1,5,1,,14,,0,0
ch06,1,5,2,,21,2,2,0
ch06,1,6,1,,4,,0,0
ch06,1,7,1,,4,,0,0
ch06,1,7,2,,19,3,3,0
ch06,1,7,3,,19,2,0,2
ch06,1,8,1,,12,,0,0
ch06,1,8,2,,36,2,2,0
ch06,1,9,1,,13,,0,0
ch06,1,9,2,,65,7,7,0
ch06,1,9,3,,46,10,0,10
ch06,1,10,1,,9,,0,0
ch06,1,10,2,,48,5,5,0
ch06,1,11,1,,14,,0,0
ch06,1,11,2,,66,4,4,0
ch06,1,11,3,,54,6,0,6
ch06,1,12,1,,14,,0,0
ch06,1,12,2,,17,3,3,0
ch06,1,12,3,,18,3,0,3
ch06,1,13,1,,15,,0,0
ch06,1,13,2,,26,5,5,0
ch06,1,13,3,,21,5,0,5
ch06,1,14,1,,12,,0,0
ch06,1,14,2,,79,6,6,0
ch06,1,14,3,,46,5,0,5
ch06,1,15,1,,26,,0,0
ch06,1,15,2,,213,14,14,0
ch06,1,15,3,,134,22,0,22
ch06,1,16,1,,18,,0,0
ch06,1,16,2,,136,10,10,0
ch06,1,17,1,,16,,0,0
ch06,1,17,2,,87,7,7,0
ch06,1,18,1,,21,,0,0
ch06,1,18,2,9,100,11,11,0
ch06,1,18,3,,90,6,0,6
ch06,1,19,1,,15,,0,0
ch06,1,19,2,,32,3,3,0
ch06,1,20,1,,19,,0,0
ch06,1,20,2,,112,7,7,0
ch06,1,20,3,,31,2,0,2
ch06,1,20,4,,4,1,0,0
ch06,1,21,1,,16,,0,0
ch06,1,21,2,,13,1,1,0
ch06,1,22,1,,19,,0,0
ch06,1,22,2,,34,6,6,0
ch06,1,23,1,,20,,0,0
ch06,1,24,1,,19,,0,0
ch06,1,24,2,,18,3,3,0
ch06,1,25,1,,22,,0,0
ch06,1,25,2,,7,1,1,0
ch06,1,26,1,,21,,0,0
ch06,1,27,1,,16,,0,0
ch06,1,28,1,,20,,0,0
ch06,1,28,2,,20,3,3,0
ch06,1,29,1,,18,,0,0
ch06,1,29,2,,27,2,2,0
ch06,1,30,1,,18,,0,0
ch06,1,30,2,,84,6,6,0
ch06,1,31,1,,17,,0,0
ch06,1,31,2,,54,5,5,0
ch06,1,32,1,4,16,,0,0
ch06,1,32,2,,53,5,5,0
ch06,1,33,1,,17,,0,0
ch06,1,33,2,,34,3,3,0
ch06,1,34,1,,16,,0,0
ch06,1,34,2,,80,7,7,0
ch06,1,35,1,3,14,,0,0
ch06,1,35,2,4,32,4,4,0
ch06,1,36,1,,15,,0,0
ch06,1,36,2,,66,7,7,0
ch06,1,37,1,,15,,0,0
ch06,1,37,2,6,32,3,3,0
ch06,1,38,1,,17,,0,0
ch06,1,38,2,5,59,7,7,0
ch06,1,39,1,2,15,,0,0
ch06,1,40,1,2,14,,0,0
ch06,1,40,2,3,31,4,4,0
ch06,1,41,1,2,14,,0,0
ch06,1,41,2,7,11,2,2,0
ch06,1,42,1,4,13,,0,0
ch06,1,42,2,17,32,6,6,0
ch06,1,43,1,2,14,,0,0
ch06,1,43,2,5,2,1,1,0
ch06,1,44,1,3,11,,0,0
ch06,1,44,2,16,18,3,3,0
ch06,1,45,1,3,11,,0,0
ch06,1,45,2,16,13,4,4,0
ch06,1,46,1,4,12,,0,0
ch06,1,46,2,18,6,4,4,0
ch06,1,47,1,5,10,,0,0
ch06,1,47,2,17,15,4,4,0
ch06,1,48,1,4,8,,0,0
ch06,1,48,2,13,12,5,5,0
ch06,1,49,1,5,8,,0,0
ch06,1,49,2,16,,3,3,0
ch06,1,50,1,4,8,,0,0
ch06,1,50,2,15,,3,3,0
ch06,1,51,1,5,6,,0,0
ch06,1,51,2,6,,2,2,0
ch06,1,52,1,4,6,,0,0
ch06,1,52,2,2,,1,1,0
ch06,1,53,1,5,3,,0,0
ch06,1,54,1,4,3,,0,0
ch06,1,55,1,4,,,0,0
ch06,1,56,1,4,,,0,0
ch06,1,57,1,2,,,0,0
ch07,1,1,1,,12,,0,0
ch07,1,1,,,8,3,0,0
ch07,1,2,1,,9,,0,0
ch07,1,2,2,,7,4,4,0
ch07,1,3,1,,13,,0,0
ch07,1,3,,,15,3,0,0
ch07,1,4,1,,12,,0,0
ch07,1,4,2,,12,5,5,0
ch07,1,5,1,,12,,0,0
ch07,1,5,2,,20,5,5,0
ch07,1,6,1,,5,,0,0
ch07,1,7,1,,24,,0,0
ch07,1,7,2,,82,12,12,0
ch07,1,8,1,,10,,0,0
ch07,1,8,2,2,34,7,7,0
ch07,1,9,1,,11,,0,0
ch07,1,9,2,,25,7,7,0
ch07,1,10,1,6,25,,0,0
ch07,1,10,2,3,193,42,42,0
ch07,1,10,3,,80,15,0,15
ch07,1,10,,,4,1,0,0
ch07,1,11,1,,9,,0,0
ch07,1,11,2,,16,6,6,0
ch07,1,12,1,,10,,0,0
ch07,1,12,,,4,2,0,0
ch07,1,13,1,,19,,0,0
ch07,1,13,2,17,62,9,9,0
ch07,1,13,3,17,40,9,0,9
ch07,1,14,1,,16,,0,0
ch07,1,14,2,,80,12,12,0
ch07,1,14,3,,32,7,0,7
ch07,1,15,1,,25,,0,0
ch07,1,15,2,9,189,17,17,0
ch07,1,15,3,11,120,20,0,20
ch07,1,16,1,2,12,1,0,0
ch07,1,17,1,,11,,0,0
ch07,1,18,1,,41,,0,0
ch07,1,18,2,,107,12,12,0
ch07,1,18,3,,25,5,0,5
ch07,1,19,1,,26,,0,0
ch07,1,19,2,4,163,15,15,0
ch07,1,19,3,,77,11,0,11
ch07,1,20,1,,11,,0,0
ch07,1,20,2,,2,1,1,0
ch07,1,21,1,,18,,0,0
ch07,1,21,2,,27,4,4,0
ch07,1,21,3,,19,3,0,3
ch07,1,22,1,4,30,,0,0
ch07,1,22,2,6,191,13,13,0
ch07,1,22,3,,125,23,0,23
ch07,1,23,1,,24,,0,0
ch07,1,23,2,4,227,18,18,0
ch07,1,23,3,,254,30,0,30
ch07,1,24,1,,24,,0,0
ch07,1,24,2,,108,6,6,0
ch07,1,24,3,,28,2,0,2
ch07,1,25,1,,18,,0,0
ch07,1,25,2,,78,9,9,0
ch07,1,25,3,,34,4,0,4
ch07,1,26,1,,24,20,0,0
ch07,1,26,2,6,288,,0,0
ch07,1,26,3,,252,26,0,26
ch07,1,27,1,5,28,,0,0
ch07,1,27,2,2,158,13,13,0
ch07,1,27,3,,32,4,0,4
ch07,1,28,1,,16,,0,0
ch07,1,28,2,4,206,11,11,0
ch07,1,28,3,,30,2,0,2
ch07,1,29,1,,20,,0,0
ch07,1,29,2,,113,10,10,0
ch07,1,30,1,,17,,0,0
ch07,1,30,2,1,227,17,17,0
ch07,1,30,3,2,35,6,0,6
ch07,1,31,1,,20,,0,0
ch07,1,31,2,,234,19,19,0
ch07,1,31,3,,39,6,0,6
ch07,1,32,1,,17,,0,0
ch07,1,32,2,,115,10,10,0
ch07,1,33,1,,12,,0,0
ch07,1,33,2,,155,10,10,0
ch07,1,34,1,4,22,,0,0
ch07,1,34,2,21,239,18,18,0
ch07,1,34,3,13,44,7,0,7
ch07,1,35,1,1,22,,0,0
ch07,1,35,2,1,162,12,12,0
ch07,1,35,3,2,2,1,0,1
ch07,1,36,1,,20,,0,0
ch07,1,36,2,,102,8,8,0
ch07,1,36,3,1,,1,0,1
ch07,1,37,1,,17,,0,0
ch07,1,37,2,,59,5,5,0
ch07,1,37,3,,5,2,0,2
ch07,1,38,1,2,21,,0,0
ch07,1,38,2,11,136,12,12,0
ch07,1,38,3,11,75,15,0,15
ch07,1,39,1,2,22,,0,0
ch07,1,39,2,21,200,19,19,0
ch07,1,39,3,9,34,8,0,8
ch07,1,40,1,2,21,,0,0
ch07,1,40,2,23,205,19,19,0
ch07,1,40,3,34,77,,0,0
ch07,1,41,1,2,17,,0,0
ch07,1,41,2,2,67,6,6,0
ch07,1,42,1,2,17,,0,0
ch07,1,42,2,34,102,13,13,0
ch07,1,42,3,24,21,7,0,7
ch07,1,43,1,2,17,,0,0
ch07,1,43,2,27,161,15,15,0
ch07,1,43,3,32,12,7,0,7
ch07,1,44,1,2,16,,0,0
ch07,1,44,2,28,144,13,13,0
ch07,1,44,3,19,14,6,0,6
ch07,1,45,1,2,14,,0,0
ch07,1,45,2,20,74,11,11,0
ch07,1,45,3,8,0,2,0,2
ch07,1,46,1,3,16,,0,0
ch07,1,46,2,54,101,14,14,0
ch07,1,46,3,65,55,16,0,16
ch07,1,47,1,2,14,,0,0
ch07,1,47,2,33,56,10,10,0
ch07,1,47,3,29,5,6,0,6
ch07,1,48,1,4,13,,0,0
ch07,1,48,2,27,49,10,10,0
ch07,1,48,3,34,31,10,0,10
ch07,1,49,1,4,12,,0,0
ch07,1,49,2,28,53,10,10,0
ch07,1,50,1,5,10,,0,0
ch07,1,50,2,41,422,9,9,0
ch07,1,50,3,26,20,6,0,6
ch07,1,51,1,4,11,,0,0
ch07,1,51,2,38,42,9,9,0
ch07,1,51,3,16,2,3,0,3
ch07,1,52,1,4,11,,0,0
ch07,1,52,2,24,28,9,9,0
ch07,1,52,3,8,0,3,0,3
ch07,1,53,1,4,10,7,0,0
ch07,1,53,2,22,18,1,1,0
ch07,1,53,3,0,0,,0,0
ch07,1,54,1,3,7,,0,0
ch07,1,54,2,5,17,4,4,0
ch07,1,55,1,4,4,,0,0
ch07,1,55,2,11,3,4,4,0
ch07,1,56,1,5,3,,0,0
ch07,1,56,2,19,0,5,5,0
ch07,1,57,1,7,0,,0,0
ch07,1,57,2,,0,2,2,0
ch07,1,58,1,6,0,,0,0
ch07,1,59,1,4,0,,0,0
ch07,1,60,1,2,0,,0,0
ch08,1,1,1,,11,,0,0
ch08,1,1,2,,10,3,3,0
ch08,1,2,1,,8,,0,0
ch08,1,2,2,,9,5,5,0
ch08,1,3,1,,12,,0,0
ch08,1,3,2,,12,3,3,0
ch08,1,4,1,,10,,0,0
ch08,1,4,2,,20,7,7,0
ch08,1,5,1,,12,,0,0
ch08,1,5,2,,54,12,12,0
ch08,1,5,3,,20,1,0,1
ch08,1,6,1,,17,,0,0
ch08,1,6,2,,364,33,33,0
ch08,1,6,3,,498,75,0,75
ch08,1,6,4,,3,,0,0
ch08,1,7,1,,10,,0,0
ch08,1,7,2,,19,4,4,0
ch08,1,7,3,,,1,0,1
ch08,1,8,1,,16,,0,0
ch08,1,8,2,,14,2,2,0
ch08,1,8,3,,9,1,0,1
ch08,1,9,1,,13,,0,0
ch08,1,9,2,,42,3,3,0
ch08,1,9,3,,1,1,0,1
ch08,1.1,1,1,,23,,0,0
ch08,1.1,1,2,,100,7,7,0
ch08,1.1,2,1,,23,,0,0
ch08,1.1,2,2,,56,6,6,0
ch08,1.1,3,1,,19,,0,0
ch08,1.1,3,2,,117,9,9,0
ch08,1.1,4,1,,23,,0,0
ch08,1.1,4,2,,63,6,6,0
ch08,1.1,5,1,,22,,0,0
ch08,1.1,5,2,,118,9,9,0
ch08,1.1,6,1,,22,,0,0
ch08,1.1,6,2,,47,4,4,0
ch08,1.1,7,1,,25,,0,0
ch08,1.1,7,2,,18,1,1,0
ch08,1.1,8,1,,24,,0,0
ch08,1.1,8,2,,48,6,6,0
ch08,1.1,9,1,,18,,0,0
ch08,1.1,9,2,,107,10,10,0
ch08,1.1,10,1,,21,,0,0
ch08,1.1,10,2,,48,4,4,0
ch08,1.1,11,1,,16,,0,0
ch08,1.1,11,2,,97,7,7,0
ch08,1.1,12,1,,22,,0,0
ch08,1.1,12,2,,164,10,10,0
ch08,1.1,13,1,,26,,0,0
ch08,1.1,13,2,48,276,26,26,0
ch08,1.1,13,3,53,33,26,0,26
ch08,1.1,13,4,2,,1,0,0
ch08,1.1,14,1,,18,,0,0
ch08,1.1,14,2,,127,9,9,0
ch08,1.1,15,1,,16,,0,0
ch08,1.1,15,2,,139,13,13,0
ch08,1.1,16,1,,17,,0,0
ch08,1.1,16,2,,138,13,13,0
ch08,1.1,17,1,2,25,,0,0
ch08,1.1,17,2,18,177,18,18,0
ch08,1.1,18,1,,15,,0,0
ch08,1.1,18,2,,78,8,8,0
ch08,1.1,19,1,,20,,0,0
ch08,1.1,19,2,,74,7,7,0
ch08,1.1,20,1,,19,,0,0
ch08,1.1,20,2,,80,9,9,0
ch08,1.1,21,1,,16,,0,0
ch08,1.1,21,2,,38,9,9,0
ch08,1.1,22,1,,18,,0,0
ch08,1.1,22,2,2,53,7,7,0
ch08,1.1,23,1,,17,,0,0
ch08,1.1,23,2,37,83,12,12,0
ch08,1.1,23,3,7,,3,0,3
ch08,1.1,24,1,,18,,0,0
ch08,1.1,24,2,20,39,9,9,0
ch08,1.1,25,1,,15,,0,0
ch08,1.1,25,2,14,30,9,9,0
ch08,1.1,26,1,6,15,,0,0
ch08,1.1,26,2,30,35,7,7,0
ch08,1.1,26,3,40,,5,0,5
ch08,1.1,26,4,9,,3,0,0
ch08,1.1,27,1,3,16,,0,0
ch08,1.1,27,2,41,39,12,12,0
ch08,1.1,27,3,16,,4,0,4
ch08,1.1,28,1,5,12,,0,0
ch08,1.1,28,2,39,36,10,10,0
ch08,1.1,28,3,35,,10,0,10
ch08,1.1,29,1,4,14,,0,0
ch08,1.1,29,2,21,30,11,11,0
ch08,1.1,29,3,12,,13,0,13
ch08,1.1,30,1,4,12,,0,0
ch08,1.1,30,2,32,19,12,12,0
ch08,1.1,30,3,30,,11,0,11
ch08,1.1,31,1,4,13,,0,0
ch08,1.1,31,2,21,8,9,9,0
ch08,1.1,31,3,30,,8,0,8
ch08,1.1,32,1,5,10,,0,0
ch08,1.1,32,2,12,4,4,4,0
ch08,1.1,32,3,8,,5,0,5
ch08,1.1,33,1,3,8,,0,0
ch08,1.1,33,2,20,,5,5,0
ch08,1.1,33,3,14,,6,0,6
ch08,1.1,34,1,6,9,,0,0
ch08,1.1,34,2,20,,7,7,0
ch08,1.1,34,3,22,,4,0,4
ch08,1.1,35,1,4,2,,0,0
ch08,1.1,36,1,8,,,0,0
ch08,1.1,36,2,,,,0,0
ch08,1.1,36,3,,,,0,0
ch08,1.1,37,1,6,4,,0,0
ch08,1.1,37,2,17,,5,5,0
ch08,1.1,37,3,5,,2,0,2
ch08,1.1,38,1,4,4,,0,0
ch08,1.1,38,2,18,,6,6,0
ch08,1.1,38,3,1,,1,0,1
ch08,1.1,39,1,6,2,,0,0
ch08,1.1,39,2,12,,5,5,0
ch08,1.1,39,3,4,,2,0,2
ch08,1.1,40,1,8,,,0,0
ch08,1.1,40,2,11,,4,4,0
ch08,1.1,41,1,5,,,0,0
ch08,1.1,41,2,10,,3,3,0
ch08,1.1,42,1,4,,,0,0
ch08,1.1,42,2,6,,2,2,0
ch08,1.1,43,1,4,,,0,0
ch08,1.1,44,1,3,,,0,0
ch08,1.2,1,1,,11,,0,0
ch08,1.2,1,2,,36,4,4,0
ch08,1.2,2,1,,22,,0,0
ch08,1.2,3,1,,17,,0,0
ch08,1.2,3,2,,125,15,15,0
ch08,1.2,4,1,,28,,0,0
ch08,1.2,4,2,,117,11,11,0
ch08,1.2,5,1,,11,,0,0
ch08,1.2,5,2,,21,2,2,0
ch08,1.2,6,1,,23,,0,0
ch08,1.2,6,2,,110,10,10,0
ch08,1.2,7,1,,19,,0,0
ch08,1.2,8,1,,14,,0,0
ch08,1.2,9,1,,20,,0,0
ch08,1.2,9,2,,96,10,10,0
ch08,1.2,10,1,,15,,0,0
ch08,1.2,10,2,,16,3,3,0
ch08,1.2,11,1,2,21,,0,0
ch08,1.2,11,2,8,155,17,17,0
ch08,1.2,12,1,,17,,0,0
ch08,1.2,12,2,,120,11,11,0
ch08,1.2,13,1,,21,,0,0
ch08,1.2,13,2,,126,9,9,0
ch08,1.2,14,1,,14,,0,0
ch08,1.2,14,2,,90,8,8,0
ch08,1.2,15,1,,18,,0,0
ch08,1.2,15,2,,76,10,10,0
ch08,1.2,16,1,,17,,0,0
ch08,1.2,16,2,,59,5,5,0
ch08,1.2,17,1,,19,,0,0
ch08,1.2,17,2,,92,10,10,0
ch08,1.2,18,1,,16,,0,0
ch08,1.2,18,2,,72,9,9,0
ch08,1.2,19,1,,22,,0,0
ch08,1.2,19,2,,69,9,9,0
ch08,1.2,20,1,,17,,0,0
ch08,1.2,20,2,,58,6,6,0
ch08,1.2,21,1,,22,,0,0
ch08,1.2,21,2,31,120,15,15,0
ch08,1.2,21,3,,,2,0,2
ch08,1.2,22,1,,17,,0,0
ch08,1.2,22,2,,27,4,4,0
ch08,1.2,23,1,,19,,0,0
ch08,1.2,23,2,,27,2,2,0
ch08,1.2,24,1,,15,,0,0
ch08,1.2,24,2,,11,2,2,0
ch08,1.2,25,1,5,16,,0,0
ch08,1.2,25,2,15,33,8,8,0
ch08,1.2,26,1,4,15,,0,0
ch08,1.2,26,2,,17,3,3,0
ch08,1.2,27,1,4,15,,0,0
ch08,1.2,27,2,25,28,9,9,0
ch08,1.2,28,1,5,14,,0,0
ch08,1.2,28,2,36,35,12,12,0
ch08,1.2,28,3,20,,7,0,7
ch08,1.2,29,1,5,14,,0,0
ch08,1.2,29,2,50,45,12,12,0
ch08,1.2,29,3,18,,5,0,5
ch08,1.2,30,1,4,14,,0,0
ch08,1.2,30,2,,13,2,2,0
ch08,1.2,31,1,4,11,,0,0
ch08,1.2,31,2,39,15,8,8,0
ch08,1.2,32,1,5,11,,0,0
ch08,1.2,32,2,20,5,6,6,0
ch08,1.2,33,1,5,11,,0,0
ch08,1.2,33,2,38,16,6,6,0
ch08,1.2,34,1,6,8,,0,0
ch08,1.2,34,2,16,,4,4,0
ch08,1.2,34,3,8,,2,0,2
ch08,1.2,35,1,4,8,,0,0
ch08,1.2,35,2,16,,4,4,0
ch08,1.2,36,1,7,3,,0,0
ch08,1.2,36,2,20,,6,6,0
ch08,1.2,37,1,5,2,,0,0
ch08,1.2,37,2,,5,2,2,0
ch08,1.2,38,1,7,,,0,0
ch08,1.2,38,2,8,,3,3,0
ch08,1.2,39,1,7,,,0,0
ch08,1.2,39,2,10,,5,5,0
ch08,1.2,40,1,4,,,0,0
ch08,1.2,40,2,6,,3,3,0
ch08,1.2,41,1,4,,,0,0
ch08,1.2,41,2,3,,2,2,0
ch08,1.2,42,1,3,,,0,0
ch08,1.2,43,1,3,,,0,0
ch08,1.2,44,1,,,,0,0
ch09,1,1,1,,6,,0,0
ch09,1,2,1,,14,,0,0
ch09,1,2,2,,10,3,3,0
ch09,1,3,1,,26,,0,0
ch09,1,3,2,,36,7,7,0
ch09,1,4,1,,28,,0,0
ch09,1,4,2,,46,7,7,0
ch09,1,4,3,,8,2,0,2
ch09,1,5,1,,17,,0,0
ch09,1,5,2,,18,4,4,0
ch09,1,6,1,,13,,0,0
ch09,1,6,2,,57,7,7,0
ch09,1,7,1,,26,,0,0
ch09,1,7,2,,189,20,20,0
ch09,1,7,3,5,279,37,0,37
ch09,1,7,4,,52,3,0,0
ch09,1,8,1,,17,,0,0
ch09,1,8,2,,37,3,3,0
ch09,1,8,3,,6,1,0,1
ch09,1,9,1,,10,,0,0
ch09,1,9,2,,34,3,3,0
ch09,1,9,3,,20,3,0,3
ch09,1,10,1,,21,,0,0
ch09,1,10,2,,76,11,11,0
ch09,1,10,3,,55,7,0,7
ch09,1,10,4,,4,1,0,0
ch09,1,11,1,,17,,0,0
ch09,1,11,2,,56,7,7,0
ch09,1,11,3,,13,3,0,3
ch09,1,13,1,,15,,0,0
ch09,1,13,2,,85,9,9,0
ch09,1,12,1,,16,,0,0
ch09,1,12,2,,46,,0,0
ch09,1,12,3,,16,5,0,5
ch09,1,15,1,,16,2,0,0
ch09,1,15,2,,55,5,5,0
ch09,1,15,3,,61,5,0,5
ch09,1,15,4,,10,1,0,0
ch09,1,16,1,,15,,0,0
ch09,1,16,2,,124,7,7,0
ch09,1,16,3,,131,16,0,16
ch09,1,14,1,,21,,0,0
ch09,1,14,2,,206,19,19,0
ch09,1,14,3,,74,11,0,11
ch09,1,17,1,,20,,0,0
ch09,1,17,2,8,99,,0,0
ch09,1,17,3,3,30,,0,0
ch09,1,18,1,,15,,0,0
ch09,1,18,2,7,89,,0,0
ch09,1,18,3,12,180,,0,0
ch09,1,19,1,,17,,0,0
ch09,1,19,2,5,62,,0,0
ch09,1,20,1,2,18,,0,0
ch09,1,20,2,,37,3,3,0
ch09,1,21,1,,22,,0,0
ch09,1,21,2,,51,3,3,0
ch09,1,21,3,,2,1,0,1
ch09,1,22,1,1,19,,0,0
ch09,1,22,2,,193,17,17,0
ch09,1,22,3,,259,9,0,9
ch09,1,22,4,,15,4,0,0
ch09,1,22,5,,1,1,0,0
ch09,1,23,1,,22,,0,0
ch09,1,23,2,,139,13,13,0
ch09,1,23,3,,58,7,0,7
ch09,1,24,1,,13,,0,0
ch09,1,24,2,,38,4,4,0
ch09,1,24,3,,4,1,0,1
ch09,1,25,1,4,30,,0,0
ch09,1,25,2,39,361,30,30,0
ch09,1,25,3,19,277,48,0,48
ch09,1,26,1,,20,,0,0
ch09,1,26,2,,130,12,12,0
ch09,1,27,1,,16,,0,0
ch09,1,27,2,,54,6,6,0
ch09,1,28,1,,17,,0,0
ch09,1,28,2,,32,3,3,0
ch09,1,29,1,,22,,0,0
ch09,1,29,2,,162,12,12,0
ch09,1,30,1,,16,,0,0
ch09,1,30,2,,130,11,11,0
ch09,1,31,1,,20,,0,0
ch09,1,31,2,,59,5,5,0
ch09,1,32,1,,19,,0,0
ch09,1,32,2,,82,9,9,0
ch09,1,33,1,,22,,0,0
ch09,1,33,2,3,166,11,11,0
ch09,1,33,3,2,39,2,0,2
ch09,1,34,1,,15,,0,0
ch09,1,34,2,,49,3,3,0
ch09,1,35,1,,22,,0,0
ch09,1,35,2,4,58,5,5,0
ch09,1,35,3,,6,1,0,1
ch09,1,36,1,,19,,0,0
ch09,1,36,2,,93,7,7,0
ch09,1,37,1,,18,,0,0
ch09,1,37,2,,114,9,9,0
ch09,1,38,1,5,29,,0,0
ch09,1,38,2,45,177,19,19,0
ch09,1,38,3,22,30,10,0,10
ch09,1,39,1,4,20,,0,0
ch09,1,39,2,22,122,14,14,0
ch09,1,42,1,3,20,,0,0
ch09,1,42,2,47,91,16,16,0
ch09,1,42,3,34,8,10,0,10
ch09,1,43,1,2,17,,0,0
ch09,1,43,2,26,31,9,9,0
ch09,1,44,1,4,16,,0,0
ch09,1,44,2,41,47,11,11,0
ch09,1,46,1,4,14,,0,0
ch09,1,46,2,28,18,7,7,0
ch09,1,47,1,4,13,,0,0
ch09,1,47,2,20,5,6,6,0
ch09,1,48,1,4,12,,0,0
ch09,1,48,2,26,,5,5,0
ch09,1,50,1,6,10,,0,0
ch09,1,50,2,19,,5,5,0
ch09,1,51,1,5,8,,0,0
ch09,1,51,2,16,,4,4,0
ch09,1,52,1,6,7,,0,0
ch09,1,53,1,5,6,,0,0
ch09,1,53,2,10,,3,3,0
ch09,1,54,1,4,6,,0,0
ch09,1,54,2,8,,3,3,0
ch09,1,55,1,5,3,,0,0
ch09,1,56,1,6,2,,0,0
ch09,1,57,1,6,,,0,0
ch09,1,58,1,5,,,0,0
ch09,1,59,1,4,,,0,0
ch09,1,60,1,3,,,0,0
ch09,1,61,1,1,,,0,0
ch09,1,40,1,4,21,,0,0
ch09,1,40,2,35,107,15,15,0
ch09,1,40,3,12,,4,0,4
ch09,1,41,1,1,18,,0,0
ch09,1,41,2,6,63,6,6,0
ch09,1,41,3,7,,2,0,2
ch09,1,45,1,4,15,,0,0
ch09,1,45,2,28,33,8,8,0
ch09,1,49,1,3,12,,0,0
ch09,1,49,2,12,3,4,4,0
ch10,1,1,1,,19,,0,0
ch10,1,1,2,,27,4,4,0
ch10,1,2,1,,15,,0,0
ch10,1,2,2,,11,2,2,0
ch10,1,2,3,,28,4,0,4
ch10,1,3,1,,21,,0,0
ch10,1,3,2,,55,5,5,0
ch10,1,3,3,,13,1,0,1
ch10,1,4,1,,21,,0,0
ch10,1,4,2,,12,3,3,0
ch10,1,5,1,,18,,0,0
ch10,1,5,1,,40,6,0,0
ch10,1,5,2,,38,4,4,0
ch10,1,6,1,,20,,0,0
ch10,1,6,2,,39,6,6,0
ch10,1,7,1,,20,,0,0
ch10,1,7,2,,120,17,17,0
ch10,1,7,3,,173,36,0,36
ch10,1,8,1,,19,,0,0
ch10,1,8,2,,39,5,5,0
ch10,1,8,3,,10,1,0,1
ch10,1,9,1,,23,,0,0
ch10,1,10,1,,2,,0,0
ch10,1,11,1,,80,,0,0
ch10,1,11,2,,194,16,16,0
ch10,1,11,3,,332,45,0,45
ch10,1,12,1,,14,8,0,0
ch10,1,12,2,,85,8,8,0
ch10,1,12,3,,60,,0,0
ch10,1,13,1,,17,,0,0
ch10,1,13,2,,163,16,16,0
ch10,1,13,3,,215,33,0,33
ch10,1,14,1,,11,,0,0
ch10,1,14,2,,95,10,10,0
ch10,1,14,3,,59,8,0,8
ch10,1.1,1,1,,14,,0,0
ch10,1.1,1,2,,62,8,8,0
ch10,1.1,2,1,,15,,0,0
ch10,1.1,2,2,,94,12,12,0
ch10,1.1,2,3,,37,6,0,6
ch10,1.1,3,1,,13,,0,0
ch10,1.1,3,2,,34,4,4,0
ch10,1.1,4,1,,18,,0,0
ch10,1.1,4,2,,60,7,7,0
ch10,1.1,5,1,,17,,0,0
ch10,1.1,5,2,,19,3,3,0
ch10,1.1,6,1,,20,,0,0
ch10,1.1,6,2,,52,5,5,0
ch10,1.1,7,1,,22,,0,0
ch10,1.1,7,2,,27,5,5,0
ch10,1.1,8,1,,20,,0,0
ch10,1.1,8,2,,24,2,2,0
ch10,1.1,9,1,,21,,0,0
ch10,1.1,9,2,,83,8,8,0
ch10,1.1,10,1,5,20,,0,0
ch10,1.1,10,2,,57,5,5,0
ch10,1.1,11,1,,18,,0,0
ch10,1.1,11,2,,9,1,1,0
ch10,1.1,12,1,4,13,,0,0
ch10,1.1,12,2,,13,3,3,0
ch10,1.1,13,1,,18,,0,0
ch10,1.1,13,2,,16,,0,0
ch10,1.1,14,1,,18,,0,0
ch10,1.1,14,2,19,61,,0,0
ch10,1.1,15,1,4,13,,0,0
ch10,1.1,15,2,6,11,,0,0
ch10,1.1,16,1,,10,,0,0
ch10,1.1,16,2,9,6,,0,0
ch10,1.1,17,1,,12,,0,0
ch10,1.1,17,2,28,28,,0,0
ch10,1.1,18,1,3,12,,0,0
ch10,1.1,18,2,19,28,,0,0
ch10,1.1,19,1,2,11,,0,0
ch10,1.1,19,2,13,9,,0,0
ch10,1.1,20,1,4,10,,0,0
ch10,1.1,20,2,17,16,,0,0
ch10,1.1,21,1,4,12,,0,0
ch10,1.1,21,2,23,32,,0,0
ch10,1.1,22,1,2,10,,0,0
ch10,1.1,22,2,32,27,,0,0
ch10,1.1,23,1,3,11,,0,0
ch10,1.1,23,2,26,20,,0,0
ch10,1.1,24,1,5,6,,0,0
ch10,1.1,24,2,26,20,,0,0
ch10,1.1,25,1,3,8,,0,0
ch10,1.1,25,2,28,16,,0,0
ch10,1.1,25,3,12,2,,0,0
ch10,1.1,26,1,3,5,,0,0
ch10,1.1,26,2,18,5,,0,0
ch10,1.1,26,3,3,,,0,0
ch10,1.1,27,1,5,4,,0,0
ch10,1.1,27,2,16,4,,0,0
ch10,1.1,28,1,4,2,,0,0
ch10,1.1,28,2,8,,,0,0
ch10,1.1,29,1,5,2,,0,0
ch10,1.1,29,2,8,,,0,0
ch10,1.1,30,1,5,,,0,0
ch10,1.1,31,1,5,,,0,0
ch10,1.1,32,1,3,,,0,0
ch10,1.2,1,1,,19,,0,0
ch10,1.2,1,2,,14,2,2,0
ch10,1.2,2,1,,17,,0,0
ch10,1.2,2,2,,40,4,4,0
ch10,1.2,3,1,,18,,0,0
ch10,1.2,3,2,,54,7,7,0
ch10,1.2,4,1,,17,,0,0
ch10,1.2,4,2,,57,8,8,0
ch10,1.2,5,1,,16,,0,0
ch10,1.2,5,2,,52,6,6,0
ch10,1.2,6,1,,16,,0,0
ch10,1.2,6,2,,41,6,6,0
ch10,1.2,7,1,,15,,0,0
ch10,1.2,7,2,,41,4,4,0
ch10,1.2,8,1,,14,,0,0
ch10,1.2,8,2,,34,4,4,0
ch10,1.2,9,1,,16,,0,0
ch10,1.2,9,2,,59,7,7,0
ch10,1.2,10,1,,16,,0,0
ch10,1.2,10,2,,38,5,5,0
ch10,1.2,11,1,,15,,0,0
ch10,1.2,11,2,,26,2,2,0
ch10,1.2,12,1,,13,,0,0
ch10,1.2,12,2,,7,2,2,0
ch10,1.2,13,1,4,18,,0,0
ch10,1.2,13,2,2,14,2,2,0
ch10,1.2,14,1,,14,,0,0
ch10,1.2,14,2,,26,4,4,0
ch10,1.2,15,1,,11,,0,0
ch10,1.2,15,2,,12,3,3,0
ch10,1.2,16,1,3,14,,0,0
ch10,1.2,16,2,7,13,2,2,0
ch10,1.2,17,1,5,11,,0,0
ch10,1.2,17,2,25,17,6,6,0
ch10,1.2,18,1,3,7,,0,0
ch10,1.2,18,2,10,,2,2,0
ch10,1.2,19,1,3,9,,0,0
ch10,1.2,19,2,7,2,2,2,0
ch10,1.2,20,1,5,8,,0,0
ch10,1.2,20,2,25,,4,4,0
ch10,1.2,21,1,4,6,,0,0
ch10,1.2,21,2,16,7,5,5,0
ch10,1.2,22,1,4,7,,0,0
ch10,1.2,22,2,19,10,6,6,0
ch10,1.2,23,1,4,4,,0,0
ch10,1.2,23,2,9,,4,4,0
ch10,1.2,24,1,5,2,,0,0
ch10,1.2,24,2,11,,3,3,0
ch10,1.2,25,1,6,,,0,0
ch10,1.2,26,1,5,,,0,0
ch10,1.2,27,1,3,,,0,0
ch10,1.2,28,1,3,,,0,0
ch11,1,1,1,,2,,0,0
ch11,1,1,2,,9,3,3,0
ch11,1,2,1,,6,,0,0
ch11,1,3,1,,2,,0,0
ch11,1,4,1,,7,,0,0
ch11,1,5,1,,22,,0,0
ch11,1,5,2,,15,5,5,0
ch11,1,5,3,,6,1,0,1
ch11,1,6,1,,15,,0,0
ch11,1,6,2,,11,3,3,0
ch11,1,7,1,,9,,0,0
ch11,1,7,2,,59,6,6,0
ch11,1,7,3,,61,6,0,6
ch11,1,8,1,,20,,0,0
ch11,1,8,2,,3,1,1,0
ch11,1,9,1,,24,,0,0
ch11,1,9,2,,161,23,23,0
ch11,1,9,3,,190,28,0,28
ch11,1,9,4,,31,4,0,0
ch11,1,10,1,,16,,0,0
ch11,1,10,2,,66,8,8,0
ch11,1,10,3,,73,13,0,13
ch11,1,10,4,,4,1,0,0
ch11,1,11,1,,24,,0,0
ch11,1,11,2,,162,13,13,0
ch11,1,11,3,,132,30,0,30
ch11,1,12,1,,16,,0,0
ch11,1,12,2,,150,20,20,0
ch11,1,12,3,,92,14,0,14
ch11,1,12,4,,20,3,0,0
ch11,1,13,1,,,,0,0
ch11,1,13,2,,,,0,0
ch11,1,13,3,,,,0,0
ch11,1,13,4,,,,0,0
ch11,1,14,1,,13,,0,0
ch11,1,14,2,,155,16,16,0
ch11,1,14,3,,105,16,0,16
ch11,1,15,1,4,17,,0,0
ch11,1,15,2,2,148,16,16,0
ch11,1,15,3,,134,14,0,14
ch11,1,16,1,,13,,0,0
ch11,1,16,2,,28,7,7,0
ch11,1,16,3,,20,5,0,5
ch11,1.1,1,1,,18,,0,0
ch11,1.1,1,2,,240,18,18,0
ch11,1.1,1,3,,87,9,0,9
ch11,1.1,2,1,,12,,0,0
ch11,1.1,3,1,,20,,0,0
ch11,1.1,4,1,,20,,0,0
ch11,1.1,4,2,,35,4,4,0
ch11,1.1,5,1,,23,,0,0
ch11,1.1,6,1,,24,,0,0
ch11,1.1,7,1,,27,,0,0
ch11,1.1,7,2,,51,4,4,0
ch11,1.1,8,1,,28,,0,0
ch11,1.1,8,2,,101,7,7,0
ch11,1.1,9,1,,20,,0,0
ch11,1.1,9,2,,26,2,2,0
ch11,1.1,10,1,,24,,0,0
ch11,1.1,10,2,,89,8,8,0
ch11,1.1,11,1,5,21,,0,0
ch11,1.1,11,2,,110,7,7,0
ch11,1.1,12,1,,20,,0,0
ch11,1.1,12,2,,122,8,8,0
ch11,1.1,13,1,,25,,0,0
ch11,1.1,13,2,,122,7,7,0
ch11,1.1,14,1,,19,,0,0
ch11,1.1,14,2,,94,10,10,0
ch11,1.1,15,1,5,22,,0,0
ch11,1.1,15,2,11,86,9,9,0
ch11,1.1,16,1,2,22,,0,0
ch11,1.1,16,2,,53,3,3,0
ch11,1.1,17,1,,19,,0,0
ch11,1.1,17,2,22,138,13,13,0
ch11,1.1,18,1,2,19,,0,0
ch11,1.1,18,2,25,165,15,15,0
ch11,1.1,19,1,7,19,,0,0
ch11,1.1,19,2,30,84,10,10,0
ch11,1.1,20,1,5,16,,0,0
ch11,1.1,20,2,65,115,12,12,0
ch11,1.1,21,1,,17,,0,0
ch11,1.1,21,2,113,150,18,18,0
ch11,1.1,21,3,127,85,30,0,30
ch11,1.1,22,1,4,15,,0,0
ch11,1.1,22,2,28,73,9,9,0
ch11,1.1,23,1,,17,,0,0
ch11,1.1,23,2,,22,3,3,0
ch11,1.1,24,1,3,50,,0,0
ch11,1.1,25,1,4,40,,0,0
ch11,1.1,25,2,31,43,6,6,0
ch11,1.1,26,1,5,50,,0,0
ch11,1.1,26,2,58,31,10,10,0
ch11,1.1,27,1,5,12,,0,0
ch11,1.1,27,2,53,54,11,11,0
ch11,1.1,28,1,5,11,,0,0
ch11,1.1,28,2,58,54,12,12,0
ch11,1.1,29,1,4,10,,0,0
ch11,1.1,29,2,39,41,8,8,0
ch11,1.1,30,1,6,9,,0,0
ch11,1.1,30,2,35,22,9,9,0
ch11,1.1,31,1,6,6,,0,0
ch11,1.1,31,2,39,20,7,7,0
ch11,1.1,32,1,5,6,,0,0
ch11,1.1,32,2,36,40,8,8,0
ch11,1.1,33,1,6,5,,0,0
ch11,1.1,33,2,38,5,7,7,0
ch11,1.1,34,1,5,5,,0,0
ch11,1.1,34,2,21,2,5,5,0
ch11,1.1,35,1,6,2,,0,0
ch11,1.1,35,2,23,,6,6,0
ch11,1.1,36,1,9,,,0,0
ch11,1.1,36,2,15,,4,4,0
ch11,1.1,37,1,6,,,0,0
ch11,1.1,37,2,9,,3,3,0
ch11,1.1,38,1,6,,,0,0
ch11,1.1,38,2,3,,2,2,0
ch11,1.1,39,1,5,,,0,0
ch11,1.1,40,1,4,,,0,0
ch11,1.2,1,1,,20,,0,0
ch11,1.2,1,2,,148,10,10,0
ch11,1.2,1,3,,50,6,0,6
ch11,1.2,2,1,,20,,0,0
ch11,1.2,2,2,,47,3,3,0
ch11,1.2,3,1,,19,,0,0
ch11,1.2,4,1,,20,,0,0
ch11,1.2,5,1,,22,,0,0
ch11,1.2,5,2,,28,3,3,0
ch11,1.2,6,1,,18,,0,0
ch11,1.2,6,2,,13,1,1,0
ch11,1.2,7,1,,33,,0,0
ch11,1.2,8,1,,23,,0,0
ch11,1.2,8,2,,63,5,5,0
ch11,1.2,9,1,,3,,0,0
ch11,1.2,9,2,,34,3,3,0
ch11,1.2,10,1,,24,,0,0
ch11,1.2,10,2,,19,6,6,0
ch11,1.2,11,1,,19,,0,0
ch11,1.2,11,2,,80,6,6,0
ch11,1.2,12,1,,19,,0,0
ch11,1.2,12,2,,81,6,6,0
ch11,1.2,13,1,,21,,0,0
ch11,1.2,13,2,,79,12,12,0
ch11,1.2,14,1,,20,,0,0
ch11,1.2,14,2,,119,9,9,0
ch11,1.2,15,1,,24,,0,0
ch11,1.2,15,2,5,110,7,7,0
ch11,1.2,16,1,6,20,,0,0
ch11,1.2,16,2,10,142,11,11,0
ch11,1.2,17,1,,22,,0,0
ch11,1.2,17,2,,114,8,8,0
ch11,1.2,18,1,,19,,0,0
ch11,1.2,18,2,,71,8,8,0
ch11,1.2,19,1,4,22,,0,0
ch11,1.2,19,2,21,93,9,9,0
ch11,1.2,20,1,3,17,,0,0
ch11,1.2,20,2,31,104,12,12,0
ch11,1.2,21,1,4,20,,0,0
ch11,1.2,21,2,28,114,10,10,0
ch11,1.2,22,1,2,18,,0,0
ch11,1.2,22,2,34,122,13,13,0
ch11,1.2,23,1,4,33,,0,0
ch11,1.2,23,2,38,77,8,8,0
ch11,1.2,24,1,4,18,,0,0
ch11,1.2,24,2,77,106,15,15,0
ch11,1.2,25,1,4,14,,0,0
ch11,1.2,25,2,36,68,10,10,0
ch11,1.2,26,1,4,15,,0,0
ch11,1.2,26,2,42,74,11,11,0
ch11,1.2,27,1,4,15,,0,0
ch11,1.2,27,2,24,54,8,8,0
ch11,1.2,28,1,3,10,,0,0
ch11,1.2,28,2,44,64,12,12,0
ch11,1.2,29,1,2,12,,0,0
ch11,1.2,29,2,39,64,10,10,0
ch11,1.2,30,1,4,10,,0,0
ch11,1.2,30,2,25,31,6,6,0
ch11,1.2,31,1,4,70,,0,0
ch11,1.2,31,2,25,25,9,9,0
ch11,1.2,32,1,2,8,,0,0
ch11,1.2,32,2,19,21,7,7,0
ch11,1.2,33,1,4,8,,0,0
ch11,1.2,33,2,22,20,7,7,0
ch11,1.2,34,1,2,5,,0,0
ch11,1.2,34,2,15,11,7,7,0
ch11,1.2,35,1,3,6,,0,0
ch11,1.2,35,2,26,13,7,7,0
ch11,1.2,36,1,4,2,,0,0
ch11,1.2,36,2,14,,4,4,0
ch11,1.2,37,1,4,2,,0,0
ch11,1.2,37,2,11,,5,5,0
ch11,1.2,38,1,4,,,0,0
ch11,1.2,38,2,3,,2,2,0
ch11,1.2,39,1,4,,,0,0
ch11,1.2,39,2,1,,2,2,0
ch12,1,1,1,,,,0,0
ch12,1,1,2,,2,6,6,0
ch12,1,2,1,,4,,0,0
ch12,1,2,2,,,1,1,0
ch12,1,2,3,,,3,0,3
ch12,1,3,1,,11,,0,0
ch12,1,3,2,,55,11,11,0
ch12,1,3,3,,1,,0,0
ch12,1,4,1,,3,4,0,0
ch12,1,4,2,,3,,0,0
ch12,1,5,1,,3,,0,0
ch12,1,6,1,,27,3,0,0
ch12,1,6,2,,15,,0,0
ch12,1,7,1,,146,18,0,0
ch12,1,7,2,,9,,0,0
ch12,1,8,1,,29,6,0,0
ch12,1,8,2,,21,,0,0
ch12,1,9,1,,65,9,0,0
ch12,1,9,2,,37,7,7,0
ch12,1,9,3,,14,,0,0
ch12,1,10,1,,194,22,0,0
ch12,1,10,2,,8,4,4,0
ch12,1,10,3,,15,,0,0
ch12,1,11,1,14,145,16,0,0
ch12,1,11,2,,12,1,1,0
ch12,1,11,3,,10,,0,0
ch12,1,12,1,,193,19,0,0
ch12,1,12,2,,126,13,13,0
ch12,1,12,3,,27,2,0,2
ch12,1,13,1,,23,,0,0
ch12,1,13,2,,41,3,3,0
ch12,1,13,3,,44,8,0,8
ch12,1,13,4,,3,1,0,0
ch12,1,14,1,,21,,0,0
ch12,1,14,2,,75,9,9,0
ch12,1,14,3,,25,5,0,5
ch12,1,14,4,,6,1,0,0
ch12,1,15,1,,12,,0,0
ch12,1,15,2,,38,5,5,0
ch12,1,15,3,,11,1,0,1
ch12,1,16,1,,22,,0,0
ch12,1,16,2,,29,3,3,0
ch12,1,17,1,,27,,0,0
ch12,1,17,2,,37,2,2,0
ch12,1,17,3,,9,1,0,1
ch12,1,18,1,,17,,0,0
ch12,1,18,2,,8,2,2,0
ch12,1,19,1,,22,,0,0
ch12,1,19,2,,198,15,15,0
ch12,1,20,1,,21,,0,0
ch12,1,20,2,,3,1,1,0
ch12,1,21,1,,16,,0,0
ch12,1,21,2,,13,2,2,0
ch12,1,22,1,,23,,0,0
ch12,1,22,2,,224,17,17,0
ch12,1,23,1,,21,,0,0
ch12,1,23,2,,48,7,7,0
ch12,1,24,1,,21,,0,0
ch12,1,24,2,,51,7,7,0
ch12,1,25,1,,18,,0,0
ch12,1,26,1,,21,,0,0
ch12,1,26,2,,89,11,11,0
ch12,1,27,1,,15,,0,0
ch12,1,28,1,,23,,0,0
ch12,1,28,2,,6,3,3,0
ch12,1,29,1,,18,,0,0
ch12,1,29,2,,18,5,5,0
ch12,1,30,1,,24,,0,0
ch12,1,31,1,,13,,0,0
ch12,1,31,2,,47,6,6,0
ch12,1,32,1,,21,,0,0
ch12,1,32,2,,188,15,15,0
ch12,1,33,1,,24,,0,0
ch12,1,33,2,,12,2,2,0
ch12,1,34,1,,22,,0,0
ch12,1,34,2,,14,2,2,0
ch12,1,35,1,,21,,0,0
ch12,1,35,2,,117,11,11,0
ch12,1,36,1,1,21,,0,0
ch12,1,36,2,20,158,18,18,0
ch12,1,36,3,31,27,9,0,9
ch12,1,37,1,,18,,0,0
ch12,1,37,2,,57,6,6,0
ch12,1,38,1,,33,,0,0
ch12,1,38,1,,175,14,0,0,branch number fixed (RAD)
ch12,1,39,2,,19,,0,0,
ch12,1,39,3,,72,7,0,7,
ch12,1,40,1,,22,,0,0,
ch12,1,40,2,,144,10,10,0,
ch12,1,41,1,,20,,0,0,
ch12,1,41,2,,88,8,8,0,
ch12,1,42,1,,19,,0,0,
ch12,1,42,2,,83,9,9,0,
ch12,1,43,1,,16,,0,0,
ch12,1,43,2,,52,7,7,0,
ch12,1,44,1,,22,,0,0,
ch12,1,44,2,9,118,13,13,0,
ch12,1,45,1,6,21,,0,0,
ch12,1,45,2,72,99,18,18,0,
ch12,1,45,3,52,3,9,0,9,
ch12,1,46,1,2,21,,0,0
ch12,1,46,2,2,55,7,7,0
ch12,1,47,1,,14,,0,0
ch12,1,47,2,,20,2,2,0
ch12,1,48,1,5,80,,0,0
ch12,1,48,2,24,84,11,11,0
ch12,1,49,1,,14,,0,0
ch12,1,50,1,5,15,,0,0
ch12,1,50,2,18,14,4,4,0
ch12,1,51,1,4,16,,0,0
ch12,1,51,2,31,13,6,6,0
ch12,1,51,3,5,,1,0,1
ch12,1,52,1,4,16,,0,0
ch12,1,52,2,11,15,2,2,0
ch12,1,53,1,4,14,,0,0
ch12,1,53,2,12,9,5,5,0
ch12,1,54,1,4,13,,0,0
ch12,1,54,2,12,12,6,6,0
ch12,1,55,1,3,13,,0,0
ch12,1,55,2,20,6,5,5,0
ch12,1,55,3,7,,2,0,2
ch12,1,56,1,6,11,,0,0
ch12,1,56,2,39,29,10,10,0
ch12,1,56,3,15,1,5,0,5
ch12,1,57,1,9,6,,0,0
ch12,1,57,2,26,15,10,10,0
ch12,1,57,3,7,1,4,0,4
ch12,1,58,1,3,7,,0,0
ch12,1,58,2,21,1,8,8,0
ch12,1,58,3,7,,2,0,2
ch12,1,59,1,5,8,,0,0
ch12,1,59,2,8,1,5,5,0
ch12,1,59,3,7,1,2,0,2
ch12,1,60,1,5,5,,0,0
ch12,1,60,2,19,1,8,8,0
ch12,1,60,3,18,1,9,0,9
ch12,1,61,1,8,1,,0,0
ch12,1,61,2,13,1,4,4,0
ch12,1,62,1,7,1,,0,0
ch12,1,62,2,13,1,5,5,0
ch12,1,63,1,5,1,,0,0
ch12,1,63,2,14,1,5,5,0
ch12,1,64,1,4,1,,0,0
ch12,1,64,2,12,1,4,4,0
ch12,1,65,1,3,1,,0,0
ch12,1,65,2,9,1,4,4,0
ch12,1,66,1,3,1,,0,0
ch12,1,66,2,4,1,2,2,0
ch12,1,67,1,2,1,,0,0
ch12,1,67,2,1,1,1,1,0
ch12,1,68,1,3,1,,0,0
