chamber,stemnumber,branchnumber,leafnumber,leafangle,leaflength,leafwidth,height,distfromstem,comment
ch01,1,13,,60,108,20,25,35,
ch01,1,13,,65,76,20,24,35,
ch01,1,13,1,50,110,25,27,30,
ch01,1,13,,40,113,26,41,19,
ch01,1,13,,70,53,16,30,26,
ch01,1,13,2,55,85,19,25,35,
ch01,1,14,,60,114,28,37,25,
ch01,1,14,,80,90,19,26,31,
ch01,1,14,3,65,100,24,28,52,
ch01,1,14,,75,79,21,0,92,
ch01,1,14,,65,95,25,7,73,
ch01,1,14,4,55,98,27,16,53,
ch01,1,14,,5,97,31,0,67,
ch01,1,14,,45,111,31,0,55,
ch01,1,14,5,55,34,24,6,70,
ch01,1,14,,55,103,25,15,74
ch01,1,14,,5,90,29,0,101
ch01,1,14,6,5,81,26,0,100
ch01,1,14,,70,91,23,15,86
ch01,1,14,,5,96,23,12,36
ch01,1,23,,55,124,23,97,22
ch01,1,23,,55,114,41,82,34
ch01,1,23,7,60,103,25,65,42
ch01,1,23,,55,105,25,58,53
ch01,1,23,,70,112,38,80,31
ch01,1,23,8,70,117,34,112,15
ch01,1,23,,80,39,27,83,30
ch01,1,23,,55,36,29,79,35
ch01,1,23,,85,78,14,37,21
ch01,1,23,9,35,113,31,76,36
ch01,1,23,,0,105,25,63,37
ch01,1,23,,65,74,11,99,26
ch01,1,30,,85,88,23,106,24
ch01,1,30,,45,106,27,86,16
ch01,1,30,10,45,104,28,87,10
ch01,1,30,,45,103,29,38,24
ch01,1,30,,90,84,23,112,16
ch01,1,30,11,55,37,24,101,42
ch01,1,30,,90,86,26,115,23
ch01,1,30,,75,76,24,119,29
ch01,1,30,12,75,103,28,92,32
ch01,1,30,,65,85,22,80,74
ch01,1,30,,90,108,30,88,38
ch01,1,30,13,75,93,22,90,55
ch01,1,30,,90,103,31,108,30
ch01,1,30,,65,109,30,83,60
ch01,1,30,14,50,88,25,107,30
ch01,1,30,,65,93,26,12,31
ch01,1,30,,85,91,23,121,26
ch01,1.2,15,15,65,91,23,262,70
ch01,1.2,15,,50,123,36,250,48
ch01,1.2,15,,65,104,34,270,70
ch01,1.2,15,,55,140,27,230,67
ch01,1.2,15,,65,190,35,210,100
ch01,1.2,15,16,90,124,27,220,100
ch01,1.2,15,17,90,110,30,225,108
ch01,1.2,15,,80,55,11,220,138
ch01,1.2,15,18,90,105,32,230,100
ch01,1.2,15,19,50,82,26,260,75
ch01,1.2,15,,75,65,21,269,33
ch01,1.2,15,20,80,109,34,240,39
ch01,1.2,32,,90,72,17,411,48
ch01,1.2,32,21,80,65,23,410,10
ch01,1.2,32,,80,123,37,406,35
ch01,1.2,32,22,80,116,33,403,25
ch02,1,11,1,70,71,25,5,41
ch02,1,11,,0,99,36,0,60
ch02,1,11,,40,80,31,20,62
ch02,1,11,,0,91,32,0,80
ch02,1,11,2,10,92,31,8,40
ch02,1,11,,20,104,38,2,28
ch02,1,11,3,50,116,32,38,20
ch02,1,25,,30,73,37,132,30
ch02,1,25,,60,135,39,80,63
ch02,1,25,4,60,101,32,109,36
ch02,1,25,,70,85,28,110,58
ch02,1,25,,80,122,35,90,65
ch02,1,25,5,50,105,28,80,90
ch02,1,25,,60,57,15,100,102
ch02,1,25,,75,127,38,75,72,
ch02,1,25,6,70,154,42,90,93,
ch02,1,25,,50,111,39,107,35,
ch02,1,25,,55,130,42,82,52,
ch02,1,25,7,65,100,28,125,35,
ch02,1,45,8,60,148,21,291,36,
ch02,1,45,,40,65,11,295,96,
ch02,1,45,,70,91,19,285,81,
ch02,1,45,9,90,100,19,280,63,
ch02,1,45,,85,96,18,284,90,young leaf
ch02,1,45,,90,150,50,275,36,
ch02,1,45,10,90,122,44,281,63,
ch02,1,45,,90,81,20,293,92,young leaf
ch02,1,45,,80,155,43,296,100,
ch02,1,45,,90,107,37,305,64,
ch02,1,45,11,80,133,40,274,40,
ch02,1,45,,90,128,43,278,43,
ch02,1,45,12,80,156,40,293,75,
ch02,1,55,13,70,67,19,354,36,
ch02,1,55,,90,114,35,349,44,
ch02,1,55,,90,76,17,344,63,young leaf
ch02,1,55,14,90,108,27,348,50,
ch02,1,55,,80,94,21,341,76,young leaf
ch02,1,55,,90,97,20,328,54,young leaf
ch02,1,55,15,90,155,37,332,43,young leaf
ch03,1.2,2,1,60,51,27,20,43,
ch03,1.2,2,,45,40,18,30,40,
ch03,1.2,2,,80,68,25,30,40,
ch03,1.2,2,,80,68,23,40,40,
ch03,1.2,2,2,60,90,32,10,40,
ch03,1.2,2,,60,60,32,24,47,
ch03,1.2,2,,0,65,22,0,40,
ch03,1.2,2,3,65,62,28,15,60,
ch03,1.2,2,,20,83,30,16,60,
ch03,1.2,2,,50,62,29,28,64,
ch03,1.2,2,4,50,79,39,22,78,
ch03,1.2,2,,30,106,32,5,100,
ch03,1.2,2,,0,111,38,0,95,
ch03,1.2,2,5,35,62,19,47,68,young
ch03,1.2,2,,35,59,19,18,52,
ch03,1.2,2,,60,72,27,25,50,
ch03,1.1,39,1,70,110,50,248,22,
ch03,1.1,39,,80,106,36,218,38,
ch03,1.1,39,,45,153,41,277,40,
ch03,1.1,39,2,70,180,43,236,40,
ch03,1.1,39,,65,180,38,246,64,
ch03,1.1,39,,70,200,50,258,67,
ch03,1.1,39,3,70,78,34,263,43,
ch03,1.1,39,,90,200,60,246,48
ch03,1.1,39,,80,200,50,259,67
ch03,1.1,39,4,70,56,27,244,77
ch03,1.1,39,,85,150,36,217,90
ch03,1.1,39,,50,180,41,257,74
ch03,1.1,39,5,55,91,29,268,37
ch03,1.1,39,,80,70,44,252,18
ch03,1.1,39,,45,114,39,568,35
ch03,1.1,39,6,50,130,40,262,45
ch03,1.1,50,7,65,185,50,362,50
ch03,1.1,50,,70,152,30,338,70
ch03,1.1,50,,80,158,34,352,48
ch03,1.1,50,8,70,180,40,350,57
ch03,1.1,50,,70,97,22,352,75
ch03,1.1,50,,70,126,28,340,70
ch03,1.1,50,9,70,147,38,353,37
ch03,1.1,19,6,70,110,35,140,40
ch03,1.1,19,,85,150,40,100,75
ch03,1.1,19,,50,105,38,120,60
ch03,1.1,19,7,80,107,36.1,115,70
ch03,1.1,19,,35,114,35,105,90
ch03,1.1,19,,40,147,34,100,80
ch03,1.1,19,8,65,143,38,100,80
ch03,1.1,19,,70,129,38,115,90
ch03,1.1,19,,45,118,31,110,110
ch03,1.1,19,9,65,106,27,130,62
ch03,1.1,19,,65,116,40,125,70
ch03,1.1,19,,30,52,21,140,45
ch03,1.1,19,10,40,148,47,115,90
ch03,1.1,19,,5,59,22,140,30
ch03,1.1,19,,50,84,28,140,40
ch03,1.1,19,11,60,78,29,140,20
ch04,1.2.1,2,1,85,105,33,47,49
ch04,1.2.1,2,,65,110,40,63,43
ch04,1.2.1,2,,70,77,28,54,54
ch04,1.2.1,2,2,50,115,42,63,27
ch04,1.2.1,2,,75,125,45,33,25
ch04,1.2.1,2,,65,100,35,68,23
ch04,1.2.1,2,3,70,120,40,41,57
ch04,1,4,1,10,90,26,16,51
ch04,1,4,,80,110,35,17,93
ch04,1,4,,70,115,40,7,100
ch04,1,4,2,80,130,40,2,71
ch04,1,4,,20,80,30,4,48
ch04,1,4,,0,95,32,0,54
ch04,1,4,3,40,155,46,13,68
ch04,1,4,,20,125,36,3,105
ch04,1,4,,70,166,50,0,85
ch04,1,4,4,65,73,21,8,56
ch04,1.1.1,21,1,70,124,29,117,65
ch04,1.1.1,21,,85,174,47,141,33
ch04,1.1.1,21,,80,140,39,140,32
ch04,1.1.1,21,2,90,176,41,139,39
ch04,1.1.1,21,,80,185,52,138,46
ch04,1.1.1,21,,80,144,35,134,73
ch04,1.1.1,21,3,60,131,28,146,18
ch04,1.1.1,37,1,70,134,34,257,22
ch04,1.1.1,37,,90,142,30,271,49
ch04,1.1.1,37,,90,75,11,267,44
ch04,1.1.1,37,2,70,147,28,249,27
ch04,1.1.1,37,,80,145,36,263,42
ch04,1.1.1,37,,90,83,15,268,45
ch04,1.1.2,18,1,90,140,31,123,60
ch04,1.1.2,18,,80,150,38,124,67
ch04,1.1.2,18,,90,94,25,151,9
ch04,1.1.2,18,2,80,111,25,124,67
ch04,1.1.2,18,,85,152,40,125,68
ch04,1.1.2,18,,80,97,17,124,71
ch04,1.1.2,18,3,65,98,26,151,12
ch04,1.1.2,18,,70,167,50,133,54
ch04,1.1.2,18,,85,159,47,148,39
ch04,1.1.2,18,4,90,169,51,146,34
ch04,1.2.2,21,1,80,139,41,188,39
ch04,1.2.2,21,,90,120,28,194,52
ch04,1.2.2,21,,90,156,43,188,43
ch04,1.2.2,21,2,90,92,26,197,10
ch04,1.2.2,21,,90,140,40,185,40
ch04,1.2.2,21,,90,100,19,186,50
ch04,1.2.2,21,3,80,137,36,185,35
ch05,1,17,1,85,155,44,0,60
ch05,1,17,,90,130,45,30,50
ch05,1,17,,80,146,46,20,44
ch05,1,17,2,90,155,46,50,46
ch05,1,17,,75,146,31,45,35
ch05,1,17,3,0,155,45,0,60
ch05,1,17,,70,106,35,30,28
ch05,1.2.1,5,4,45,155,42,160,
ch05,1.2.2,6,,90,82,43,163,53
ch05,1.2.3,7,5,45,127,37,175,10
ch05,1.1,11,6,75,188,41,190,75
ch05,1.1,11,,90,208,54,210,73
ch05,1.1,11,,90,137,40,234,25
ch05,1.1,11,7,90,132,50,195,70
ch05,1.2.1,22,8,90,154,43,355,32
ch05,1.2.2,23,,70,143,37,378,40
ch05,1.2.3,24,,75,154,37,373,62
ch05,1.2.4,25,9,90,147,33,385,45,
ch05,1.2.5,26,,70,154,40,405,40,
ch05,1.2.6,27,10,90,146,34,363,32,
ch05,1.2.7,28,,85,140,35,368,45,
ch05,1.2.8,29,,80,58,39,278,60,
ch05,1.1,2,11,85,147,38,144,40,
ch05,1.1,2,,90,184,42,134,72,
ch05,1.1,2,,85,160,40,153,45,
ch05,1.1,2,12,80,190,54,120,65,
ch05,1.1,2,,60,63,34,17,85,
ch05,1.1,2,,80,76,21,115,80,
ch05,1.1,2,13,90,154,58,115,75,
ch05,1.1,2,,70,160,48,140,55,
ch05,1.1,2,,30,16,33,130,57,Leaf angles length width April 2008.csv
ch05,1.1,2,14,90,154,45,134,45,
ch05,1.1,2,,80,146,48,155,30,
ch05,1.1,2,,90,110,33,160,30,
ch05,1.1,2,15,90,158,48,135,45,
ch06,1,18,,15,121,35,40,40,
ch06,1,18,,75,99,31,20,60,
ch06,1,18,11,50,29,60,20,60,
ch06,1,18,,60,87,29,20,60,
ch06,1,18,,55,71,25,30,50,
ch06,1,18,12,45,6,33,30,50,Leaf angles length width April 2008.csv
ch06,1,18,,90,90,28,20,40,
ch06,1,18,,50,112,36,40,30,
ch06,1,18,13,50,73,19,40,30,
ch06,1,18,,75,114,41,20,40,
ch06,1,18,,55,95,28,10,70,
ch06,1,18,14,60,96,35,30,30,
ch06,1,18,,60,118,41,20,50,
ch06,1,18,,70,69,24,10,50,
ch06,1,18,15,70,103,28,5,70
ch06,1,18,,60,44,13,30,30
ch06,1,18,,70,111,35,20,50
ch06,1,18,16,60,62,23,30,20
ch06,1,18,,80,111,37,30,40
ch06,1,18,,60,109,33,30,30
ch06,1,18,17,45,121,37,10,50
ch06,1,18,,90,97,25,30,20
ch06,1,18,,89,101,32,20,30
ch06,1,36,1,90,145,43,110,49
ch06,1,36,,70,63,27,141,49
ch06,1,36,,80,130,36,112,60
ch06,1,36,2,90,138,40,125,74
ch06,1,36,,80,62,24,142,74
ch06,1,36,,90,84,26,146,52
ch06,1,36,3,70,119,28,147,96
ch06,1,36,,70,143,36,142,93
ch06,1,36,,70,104,33,130,57
ch06,1,36,4,80,146,42,100,50
ch06,1,36,,70,104,34,130,47
ch06,1,36,,70,87,29,134,18
ch06,1,36,5,75,130,40,120,20
ch06,1,45,6,70,129,33,220,30
ch06,1,45,,70,76,19,193,42
ch06,1,45,,80,159,38,220,47
ch06,1,45,7,80,105,21,192,56
ch06,1,45,,70,73,21,202,72
ch06,1,45,,80,155,40,220,64
ch06,1,45,8,80,149,37,220,40
ch06,1,53,9,70,118,24,310,36
ch06,1,53,,85,99,24,312,23
ch06,1,51,10,80,115,30,235,20
ch06,1,51,,75,155,34,290,20
ch06,1,51,,90,106,26,275,15
ch07,1,12,1,25,99,24,4,62
ch07,1,12,,50,50,26,10,89
ch07,1,12,,25,96,26,12,70
ch07,1,12,2,60,119,34,22,37
ch07,1,12,,5,65,20,6,60
ch07,1,12,,45,94,27,6,66
ch07,1,12,3,80,110,31,43,15
ch07,1,12,,60,104,31,34,24
ch07,1,12,,30,93,26,24,36
ch07,1,12,4,25,98,34,6,48
ch07,1,12,,60,82,27,10,53
ch07,1,12,,25,135,34,14,42
ch07,1,12,5,45,85,30,8,62
ch07,1,27,6,50,93,24,28,120
ch07,1,27,,60,100,52,126,20
ch07,1,27,,80,116,32,110,30
ch07,1,27,7,90,83,19,130,25
ch07,1,27,,80,78,22,100,35
ch07,1,27,,45,123,41,100,50
ch07,1,27,8,45,149,48,100,80
ch07,1,27,,45,82,26,105,55
ch07,1,27,,50,87,21,120,23
ch07,1,27,9,80,90,25,115,28
ch07,1,27,,40,86,27,120,23
ch07,1,27,,80,85,22,120,23
ch07,1,27,10,45,122,35,100,36
ch07,1,27,,80,125,34,95,35
ch07,1,27,,55,155,46,98,65
ch07,1,27,11,50,102,29,105,40
ch07,1,27,,75,71,24,104,44
ch07,1,27,,70,118,43,95,58,
ch07,1,27,12,50,117,39,100,83,
ch07,1,27,,30,135,44,102,82,
ch07,1,27,,60,119,35,102,55,
ch07,1,27,13,70,152,43,90,61,
ch07,1,27,,85,95,25,102,33,
ch07,1,27,,80,110,31,95,35,
ch07,1,27,14,70,115,35,106,25,
ch07,1,27,,70,97,25,23,106,
ch07,1,27,,40,73,21,138,13,
ch07,1,27,15,30,90,20,23,23,
ch07,1,43,16,80,141,40,230,45,
ch07,1,43,,90,150,46,210,45,typo in height corrected (RAD)
ch07,1,43,,45,73,29,240,40,
ch07,1,43,17,90,117,39,230,70,
ch07,1,43,,90,110,34,250,90,
ch07,1,43,,90,135,40,255,95
ch07,1,43,18,90,122,31,260,105
ch07,1,43,,45,83,29,210,80
ch07,1,43,,85,139,37,210,60
ch07,1,43,19,90,104,30,250,42
ch07,1,43,,90,91,29,255,20
ch07,1,43,,80,134,43,250,50
ch07,1,43,20,90,80,21,205,70
ch07,1,43,,80,144,36,205,54
ch07,1,43,,80,70,30,235,38
ch07,1,43,21,90,108,29,240,90
ch07,1,43,,90,106,28,250,100
ch07,1,43,,90,55,35,250,110
ch07,1,43,22,80,83,29,245,44
ch07,1,43,,90,146,38,225,45
ch07,1,43,,85,150,35,223,50
ch07,1,43,23,90,148,37,230,28
ch07,1,57,24,90,70,23,360,20
ch07,1,57,,85,110,26,367,18
ch07,1,57,,90,106,25,410,18
ch07,1,57,25,90,104,27,400,36
ch07,1,57,,90,101,22,363,45
ch07,1,57,,80,130,35,352,40
ch07,1,57,26,90,97,31,360,17
ch07,1,57,,90,144,38,375,37
ch07,1,57,27,90,111,26,375,34
ch07,1,57,,90,115,31,395,44
ch07,1,57,,80,47,16,395,30
ch08,1.1,3,1,40,92,38,39,21
ch08,1.1,3,,35,112,32,14,57
ch08,1.1,3,,40,89,29,11,74
ch08,1.1,3,2,50,102,29,14,50
ch08,1.1,3,,20,126,38,6,56
ch08,1.1,3,,10,143,41,5,59
ch08,1.1,3,3,20,68,27,23,46
ch08,1.1,3,,0,158,37,0,42
ch08,1.1,3,,35,102,39,19,45
ch08,1.1,3,4,30,104,30,7,75
ch08,1.1,3,,10,59,21,15,68
ch08,1.1,3,,50,131,36,3,29
ch08,1.1,3,5,20,112,31,13,45
ch08,1.1,3,,70,76,26,49,15
ch08,1.1,3,,60,132,4,32,41
ch08,1.1,3,6,90,122,33,4,69
ch08,1.1,3,,20,43,15,13,73
ch08,1.1,3,,85,56,25,23,36
ch08,1.1,3,7,70,85,29,46,23
ch08,1.1,3,,40,126,40,37,45
ch08,1.1,3,,55,119,41,40,29
ch08,1.1,3,8,70,122,38,20,56
ch08,1.2,16,1,70,126,35,122,45
ch08,1.2,16,,65,116,37,117,58
ch08,1.2,16,,70,120,31,118,45
ch08,1.2,16,2,70,85,26,125,20
ch08,1.2,16,,60,104,35,125,40
ch08,1.2,16,,50,82,30,119,59
ch08,1.2,16,3,80,97,35,129,19
ch08,1.2,16,,55,120,34,113,39
ch08,1.2,16,,50,130,38,110,64
ch08,1.2,16,4,70,125,34,118,45
ch08,1.2,16,,50,105,29,112,31
ch08,1.2,16,,45,90,32,115,55
ch08,1.2,16,5,60,120,34,113,62
ch08,1.2,16,,80,116,32,104,43
ch08,1.2,16,,70,72,23,134,19
ch08,1.2,16,6,90,120,31,108,62
ch08,1.1,26,1,85,112,33,202,56
ch08,1.1,26,,85,62,21,241,22
ch08,1.1,26,,75,129,37,244,43
ch08,1.1,26,2,65,66,23,237,57
ch08,1.1,26,,90,164,48,239,67
ch08,1.1,26,,60,71,24,236,78
ch08,1.1,26,3,65,150,43,245,53
ch08,1.1,26,,55,70,24,241,15
ch08,1.1,26,,85,113,30,236,22
ch08,1.1,26,4,70,91,23,223,56
ch08,1.1,26,,60,94,21,234,78
ch08,1.1,26,,60,140,33,221,56
ch08,1.1,26,5,90,120,34,246,21
ch08,1.1,26,,75,147,49,208,50
ch08,1.1,26,,60,151,49,143,54
ch08,1.1,26,6,60,109,35,253,40
ch08,1.2,39,1,70,86,23,331,32
ch08,1.2,39,,85,55,8,335,39
ch08,1.2,39,,90,150,44,341,22
ch08,1.2,39,2,70,49,17,356,42
ch08,1.2,39,,90,130,34,353,41
ch08,1.2,39,,40,100,19,349,44
ch08,1.2,39,3,70,130,34,350,37
ch08,1.2,39,,85,66,11,348,41
ch08,1.2,39,,70,90,19,349,39
ch08,1.2,39,4,90,90,25,337,22
ch09,1,17,1,50,126,31,0,26
ch09,1,17,,65,50,18,14,34
ch09,1,17,,75,113,37,0,50
ch09,1,17,2,0,136,40,13,47
ch09,1,17,,60,94,35,30,20
ch09,1,17,,80,81,23,17,20
ch09,1,17,3,60,67,27,44,10
ch09,1,17,,80,23,9,40,17
ch09,1,17,,55,82,23,32,20
ch09,1,17,4,65,127,38,35,20
ch09,1,17,,45,123,33,19,33
ch09,1,17,,80,118,39,5,55
ch09,1,17,5,50,116,42,18,30
ch09,1,17,,10,112,36,15,44
ch09,1,17,,60,100,36,25,27
ch09,1,17,6,70,99,29,26,23
ch09,1,29,7,85,156,55,120,8
ch09,1,29,,85,152,51,115,30
ch09,1,29,,90,200,55,100,35
ch09,1,29,8,90,114,41,118,60
ch09,1,29,,90,212,66,70,77
ch09,1,29,,90,153,49,100,70
ch09,1,29,9,90,153,46,110,84
ch09,1,29,,90,205,58,100,67
ch09,1,29,,90,233,72,85,90
ch09,1,29,10,60,170,53,120,40
ch09,1,29,,45,194,60,100,30
ch09,1,29,,75,192,58,113,24
ch09,1,29,11,70,179,53,130,12
ch09,1,29,,70,142,47,140,25
ch09,1,29,,90,167,47,125,50
ch09,1,29,12,20,151,37,150,55
ch09,1,41,13,85,168,51,260,50
ch09,1,41,,90,209,65,240,65
ch09,1,41,,90,193,60,240,70
ch09,1,41,14,70,190,50,210,40
ch09,1,41,,90,230,58,200,50,
ch09,1,41,,90,110,46,220,90,
ch09,1,41,15,90,109,67,230,90,
ch09,1,41,,90,178,47,220,28,
ch09,1,41,,90,197,63,215,30,
ch09,1,41,16,90,91,27,230,80,
ch09,1,53,17,90,81,12,375,55,
ch09,1,53,,90,104,18,390,80,
ch09,1,53,,90,159,50,380,50,
ch09,1,53,18,80,170,37,395,40,
ch09,1,53,19,90,211,39,375,35,
ch09,1,53,,90,91,27,371,55,
ch09,1,53,,90,69,24,395,40,"Samples not taken, branch too small"
ch09,1,53,,90,73,22,375,50,"Samples not taken, branch too small"
ch09,1,53,,90,197,46,380,55,"Samples not taken, branch too small"
ch09,1,53,,90,129,27,385,50,"Samples not taken, branch too small"
ch09,1,39,20,90,208,56,246,74
ch09,1,39,,90,180,46,250,92
ch09,1,39,,90,101,21,298,138
ch09,1,39,21,90,172,40,230,120
ch09,1,39,,90,162,46,250,90
ch09,1,39,,90,106,42,240,77
ch09,1,39,22,90,204,60,220,90
ch09,1,39,,45,203,57,220,55
ch09,1,39,,90,204,63,255,70
ch09,1,39,23,70,208,60,247,86
ch09,1,39,,50,116,45,265,110
ch09,1,39,,90,201,43,246,128
ch09,1,39,24,90,240,61,246,104
ch09,1,39,,90,205,56,215,95
ch09,1,39,,90,175,50,240,40
ch09,1,39,25,45,176,52,245,50
ch09,1,39,,90,126,42,230,63
ch09,1,39,,90,240,56,248,71
ch09,1,39,,90,194,73,265,86
ch09,1,39,,90,183,49,262,147
ch10,1,13,1,80,121,35,35,56
ch10,1,13,,60,111,35,26,72
ch10,1,13,,60,134,34,20,74
ch10,1,13,2,50,131,31,32,64
ch10,1,13,,60,84,21,51,64
ch10,1,13,,40,92,23,37,75
ch10,1,13,3,20,72,23,41,74
ch10,1,13,,15,117,30,34,85
ch10,1,13,,90,136,27,29,99
ch10,1,13,4,90,142,20,26,112
ch10,1,13,,85,69,22,41,105
ch10,1,13,,70,75,30,27,114
ch10,1,13,5,60,131,35,44,112
ch10,1,13,,90,94,21,37,96
ch10,1,13,,20,131,33,34,103
ch10,1,13,6,70,60,24,27,77
ch10,1,13,,80,86,19,41,84
ch10,1,13,,60,72,20,45,85
ch10,1,13,7,65,116,22,13,104
ch10,1,13,,80,102,29,46,81
ch10,1,13,,30,69,19,45,65
ch10,1,13,8,65,119,31,32,62
ch10,1.1,13,1,60,136,36,158,29
ch10,1.1,13,,65,165,39,137,57
ch10,1.1,13,,80,165,38,128,59
ch10,1.1,13,2,90,95,30,151,40
ch10,1.1,13,,85,150,40,139,49
ch10,1.1,13,,90,199,42,121,74
ch10,1.1,13,3,70,95,35,135,53
ch10,1.1,13,,85,220,50,109,77
ch10,1.1,13,,90,205,47,105,83
ch10,1.1,13,4,70,164,41,128,56
ch10,1.1,13,,85,115,32,163,14
ch10,1.1,13,,85,120,31,157,35
ch10,1.1,13,5,75,170,40,135,54
ch10,1.2,22,1,90,110,27,302,26
ch10,1.2,22,,90,156,15,296,37
ch10,1.2,22,,90,101,21,297,32
ch10,1.2,22,2,75,139,22,298,36
ch10,1.2,22,,85,156,29,287,27
ch10,1.2,22,,85,165,28,297,49
ch10,1.2,22,3,90,206,35,295,37
ch10,1.2,22,,90,102,29,281,23
ch10,1.2,22,,90,148,23,272,38
ch10,1.2,22,4,90,108,25,281,10
ch10,1.1,26,1,90,175,39,302,49
ch10,1.1,26,,90,115,20,297,65
ch10,1.1,26,,90,155,35,304,31
ch10,1.1,26,2,85,130,32,298,45
ch10,1.1,26,,80,158,29,285,58
ch10,1.1,26,,90,190,34,303,53
ch10,1.1,26,3,90,90,15,292,72
ch10,1.1,26,,90,185,31,302,68
ch10,1.1,26,,90,120,32,310,59
ch10,1.1,26,4,90,100,20,307,59
ch10,1.1,26,,80,96,32,322,51
ch10,1.1,26,,90,140,34,310,39
ch10,1.1,26,5,85,100,16,293,44
ch11,1,12,1,20,15,15,7,33
ch11,1,12,,0,70,26,0,48
ch11,1,12,,0,64,22,1,37
ch11,1,12,2,90,72,24,0,52
ch11,1,12,,40,85,29,12,62
ch11,1,12,,0,82,27,0,70
ch11,1,12,3,30,82,30,18,77
ch11,1,12,,35,64,25,18,56
ch11,1,12,,45,62,15,7,66
ch11,1,12,4,50,60,22,11,52
ch11,1,12,,80,47,16,16,40
ch11,1,12,,40,63,23,16,44
ch11,1,12,5,40,60,17,9,49
ch11,1,12,,70,104,33,0,65
ch11,1.2,10,6,50,88,31,90,30
ch11,1.2,10,,70,89,32,80,34
ch11,1.2,10,,75,66,27,93,32
ch11,1.2,10,7,55,87,28,89,44
ch11,1.2,10,,60,101,32,65,60
ch11,1.2,10,,60,59,27,85,35
ch11,1.2,10,8,70,112,43,66,60
ch11,1.2,10,,45,95,28,55,76
ch11,1.2,10,,55,134,42,58,80
ch11,1.2,10,9,70,101,34,73,46
ch11,1.2,10,,70,55,22,96,20
ch11,1.2,10,,60,84,32,79,25
ch11,1.2,10,10,70,89,26,66,42
ch11,1.2,26,11,65,111,32,215,47
ch11,1.2,26,,90,120,34,224,37
ch11,1.2,26,,70,100,32,234,20
ch11,1.2,26,12,80,125,30,228,55
ch11,1.2,26,,90,118,33,222,62
ch11,1.2,26,,85,97,32,220,62
ch11,1.2,26,13,80,127,33,234,71
ch11,1.2,26,,90,63,18,220,77
ch11,1.2,26,,80,56,20,246,90
ch11,1.2,26,14,80,108,31,223,73
ch11,1.2,34,15,85,130,37,328,38
ch11,1.2,34,,80,98,36,340,28
ch11,1.2,34,,80,114,26,323,42
ch11,1.2,34,16,80,102,32,348,38
ch11,1.2,34,,80,136,37,347,43
ch11,1.2,34,,80,81,29,342,50
ch11,1.2,34,17,70,139,37,348,60
ch11,1.2,34,,80,137,38,353,63
ch11,1.2,34,18,90,104,28,324,38
ch12,1,19,1,70,100.64,27.49,,
ch12,1,19,2,80,90.12,26.17,,
ch12,1,19,3,85,106.65,29.58,,
ch12,1,19,4,85,108.06,32.48,,
ch12,1,19,5,50,99.72,28.23,,,
ch12,1,19,6,70,79.88,23.16,,,
ch12,1,19,7,70,98.78,41.83,,,1st order
ch12,1,19,8,65,90.19,26.88,,,
ch12,1,19,9,80,76.34,21.02,,,
ch12,1,19,10,45,87.3,24.5,,,1st order
ch12,1,19,11,70,79.25,80.74,,,strange leaf width vs. length: check sheets
ch12,1,19,12,55,84.3,22.14,,,
ch12,1,19,13,60,72.5,24.75,,,
ch12,1,19,14,20,114.35,28.19,,,
ch12,1,19,15,25,60.82,21.9,,,
ch12,1,19,16,70,70.01,24.47,,,
ch12,1,19,17,40,113.34,30.44,,,
ch12,1,19,18,45,95.6,26.23,,,
ch12,1,19,19,70,52.48,19.74,,,
ch12,1,19,20,40,75.26,27.6,,,
ch12,1,32,1,80,85.42,27.73,,,
ch12,1,32,2,80,114.43,30.63,,,
ch12,1,32,3,50,86.85,26.52,,,
ch12,1,32,4,70,114.42,36.28,,,
ch12,1,32,5,85,110.78,30.55,,,
ch12,1,32,6,85,92.31,27.22,,,
ch12,1,32,7,60,107.27,55.31,,,
ch12,1,32,8,85,115.25,34.25,,,
ch12,1,32,9,90,109.59,33.79,,,CHECK LEAF LENGTH
ch12,1,32,10,75,116.64,35.13,,,
ch12,1,32,11,70,88.35,35.83,,,
ch12,1,32,12,80,102.88,35,,,
ch12,1,32,13,85,105.19,33.52,,,
ch12,1,32,14,60,90.46,31.13,,,
ch12,1,32,15,90,113.11,32.48,,,
ch12,1,32,16,75,92.42,36.83,,,
ch12,1,32,17,80,87.77,24.81,,
ch12,1,32,18,70,75,24.16,,
ch12,1,32,19,90,92.64,30.02,,
ch12,1,32,20,90,76.8,16.98,,
ch12,1,32,21,60,70.87,22.14,,
ch12,1,32,22,85,94.88,27.74,,
ch12,1,32,23,65,71.61,18.43,,
ch12,1,32,24,80,92.8,28,,
ch12,1,32,25,90,100.44,31.88,,
ch12,1,32,26,90,103.72,33.31,,
ch12,1,32,27,60,109.16,26.02,,
ch12,1,32,28,65,75.16,26.7,,
ch12,1,32,29,85,121.08,34.48,,
ch12,1,32,30,85,107.75,33.59,,
ch12,1,43,1,80,118,31,125,30
ch12,1,43,,80,125,32,118,32
ch12,1,43,,45,73,27,142,34
ch12,1,43,2,75,142,36,120,45
ch12,1,43,,75,155,48,122,57
ch12,1,43,,60,75,26,138,50
ch12,1,43,3,85,107,31,138,35
ch12,1,43,,15,86,33,140,20
ch12,1,43,,80,57,24,138,16
ch12,1,43,4,80,145,38,118,25
ch12,1,58,5,70,133,33,240,35
ch12,1,58,,80,59,14,238,42
ch12,1,58,,80,65,18,230,50
ch12,1,58,6,70,95,36,250,50
ch12,1,58,,70,69,24,254,42
ch12,1,58,,70,69,18,260,60
ch12,1,58,7,80,57,15,258,60
ch12,1,58,,85,86,24,256,60
ch12,1,66,8,80,78,23,308,27
ch12,1,66,,60,57,17,314,30
ch12,1,65,,75,77,26,280,20
ch12,1,65,,80,94,29,283,26
ch12,1,65,9,80,93,28,280,30
